,gene,score_001_15,score_005_50,rank_1,rank_2
0,Igfbp5,0.0019152914,0.002997562,921.0,842.0
1,Psca,0.0022348433,0.0028110633,819.0,897.0
2,Spink1,0.005283762,0.010176313,45.0,17.0
3,Fgb,0.006005756,0.007913286,27.0,43.0
4,Mmp3,0.0012758789,0.0023341833,1150.0,1006.0
5,Kng1,0.01132895,0.014774484,2.0,3.0
6,Ccl2,0.0034714823,0.004448788,389.0,520.0
7,Saa3,0.0008128,0.0010856325,1372.0,1375.0
8,Krt18,0.0030661342,0.0040988685,539.0,604.0
9,Alb,0.0010907329,0.0014792155,1240.0,1247.0
10,Serpina3n,0.0028357005,0.0037418453,614.0,679.0
11,Cdkn1c,0.0058140443,0.007394039,31.0,59.0
12,Hp,0.0014457607,0.0021228462,1081.0,1063.0
13,Grem1,0.0072470363,0.00802229,10.0,42.0
14,Rbp2,0.0008821373,0.0011598144,1344.0,1346.0
15,Ifit1,0.00085117074,0.0013048158,1354.0,1297.0
16,Acta1,0.0053367233,0.006721908,41.0,87.0
17,Bex1,0.0018492976,0.0031106474,942.0,822.0
18,Crip1,0.0033966217,0.004814089,411.0,414.0
19,Isg15,0.0012538736,0.0019819913,1162.0,1104.0
20,Elobl,0.0006289037,0.0009042219,1477.0,1453.0
21,Hdc,0.0007344389,0.0013208868,1410.0,1292.0
22,Clu,0.004535383,0.0056935716,93.0,229.0
23,Apod,0.0016214625,0.0020147513,1017.0,1096.0
24,Serpina1b,0.0015334693,0.0019933244,1053.0,1103.0
25,Spp1,0.004854165,0.006353718,68.0,122.0
26,Apoa1,0.015177803,0.021368206,1.0,1.0
27,Areg,0.0029518434,0.00385707,573.0,656.0
28,Col10a1,0.007121014,0.007330915,13.0,61.0
29,Cxcl5,0.00055539195,0.0007958306,1526.0,1501.0
30,Mest,0.007327014,0.0077927113,9.0,45.0
31,Actg2,0.00521305,0.00778594,47.0,46.0
32,Ifitm1,0.0042975233,0.0070320712,134.0,71.0
33,Nupr1,0.008216813,0.011936729,6.0,9.0
34,Ccl5,0.00091113313,0.0006958635,1331.0,1549.0
35,Crabp1,0.00780879,0.0133994855,8.0,4.0
36,Cxcl15,0.0008778969,0.001097386,1346.0,1373.0
37,Ahsg,0.0016245336,0.0023241213,1015.0,1009.0
38,Tnnt3,0.0011384507,0.0017480532,1218.0,1152.0
39,Cxcl10,0.00075191766,0.00086967065,1395.0,1474.0
40,S100a7a,0.0036702761,0.0041011977,321.0,603.0
41,Ptx3,0.0032695276,0.0045537637,456.0,489.0
42,Igfbp2,0.005754861,0.007093855,32.0,70.0
43,Ctla2a,0.0067737387,0.01088724,18.0,12.0
44,Apob,0.004412846,0.0045116795,114.0,500.0
45,Ptn,0.008376179,0.014930569,5.0,2.0
46,S100g,0.0002838035,0.0003571703,1737.0,1746.0
47,Ccl7,0.003086619,0.004205635,534.0,572.0
48,Fgg,0.00021903841,0.00033385362,1798.0,1766.0
49,Fabp4,0.0023986578,0.0028374474,763.0,887.0
50,Col2a1,0.0037933735,0.005886728,271.0,192.0
51,Wfdc2,0.0005306236,0.00076789124,1548.0,1517.0
52,Krt8,0.0024444987,0.0032532318,750.0,791.0
53,Angptl7,0.0056016725,0.006122421,35.0,150.0
54,Ccl9,0.0029613979,0.0035346183,569.0,726.0
55,Ankrd1,0.0037846016,0.0051020384,277.0,345.0
56,Dlk1,0.005477562,0.010612671,37.0,13.0
57,Serpinb11,0.009852819,0.010361241,3.0,15.0
58,Cyp1a1,0.00074384717,0.00087720505,1401.0,1467.0
59,Mmp13,0.004178364,0.004791421,158.0,423.0
60,Gzme,0.002595576,0.0033138124,701.0,776.0
61,S100a8,0.0015666784,0.001420693,1041.0,1267.0
62,Ttr,0.00028506422,0.0003456862,1732.0,1759.0
63,Gpx3,0.00451478,0.0062464993,98.0,133.0
64,Il33,0.0018075857,0.003047245,956.0,834.0
65,Trf,0.0030862927,0.004250713,535.0,559.0
66,Gzmd,0.00082312763,0.0009931758,1362.0,1407.0
67,Mcpt8,0.0025179645,0.0028075946,729.0,898.0
68,Stmn2,0.0029984892,0.006079367,558.0,157.0
69,Abi3bp,0.0023428325,0.0032846683,787.0,783.0
70,Acta2,0.0031989699,0.0047963033,491.0,421.0
71,Aldh1a7,0.002823922,0.0035098873,617.0,731.0
72,Fmo1,0.00092263165,0.0010628885,1324.0,1384.0
73,Krt15,0.00044001083,0.0012193766,1605.0,1325.0
74,A2m,0.0005500328,0.000986624,1529.0,1411.0
75,Col18a1,0.0030673542,0.0052092876,538.0,320.0
76,Egfl6,0.0009570132,0.0016771599,1307.0,1170.0
77,Cenpf,0.003006334,0.0055965013,555.0,245.0
78,Tnn,0.00038696174,0.0005579642,1652.0,1618.0
79,Cxcl1,0.0014753666,0.0019109115,1072.0,1118.0
80,Serpina1a,0.0007399233,0.0014827184,1403.0,1245.0
81,Dkk2,0.0016796335,0.0022663625,990.0,1021.0
82,Wnt4,0.002934412,0.0048100953,579.0,416.0
83,Il1rn,0.0028075108,0.006383177,626.0,120.0
84,Cxcl14,0.003250975,0.0049482565,466.0,375.0
85,Apoc1,0.0006535527,0.0010334249,1462.0,1393.0
86,Fmo2,0.002223301,0.0031103017,823.0,823.0
87,Mmp10,0.0015919809,0.0022336727,1024.0,1029.0
88,Igfbp3,0.006088953,0.009275285,25.0,23.0
89,Rsad2,0.00027565678,0.00034720235,1747.0,1757.0
90,Kng2,0.0030911714,0.0042247255,531.0,566.0
91,Sfrp1,0.0071005137,0.013257287,14.0,5.0
92,Aldh1a1,0.0036165111,0.003736812,342.0,682.0
93,Postn,0.0033553275,0.004517626,426.0,499.0
94,Penk,0.0007292067,0.0012996453,1415.0,1299.0
95,Efemp1,0.005354445,0.0062080286,40.0,138.0
96,Prelp,0.0018037924,0.0018190579,957.0,1137.0
97,Top2a,0.004530109,0.0053671114,94.0,285.0
98,Aldh3a1,0.00047579332,0.0014130959,1589.0,1269.0
99,Prg4,0.0017627352,0.0023564487,970.0,1002.0
100,Tagln,0.0046268366,0.006407027,81.0,114.0
101,Oasl1,0.00020852419,0.00029745046,1811.0,1800.0
102,Ifit3b,0.0006340398,0.0010638824,1472.0,1383.0
103,Aqp5,0.000420374,0.00070450356,1620.0,1545.0
104,Ccl20,0.00019734332,0.00021885679,1824.0,1863.0
105,Ifit3,0.0028703904,0.004047428,597.0,618.0
106,Cfh,0.0020609617,0.0030265704,884.0,838.0
107,Bex4,0.0027429813,0.0046090046,644.0,475.0
108,Tgm2,0.0014167243,0.0016747159,1090.0,1171.0
109,Cemip,0.0026147342,0.0031161138,690.0,820.0
110,Angptl4,0.0030837264,0.0053194626,536.0,299.0
111,Serpine1,0.0041938163,0.0069464175,154.0,76.0
112,Nnat,0.0033126974,0.004721871,440.0,449.0
113,C2cd4a,0.0015971166,0.0022013711,1023.0,1041.0
114,Sprr2a3,0.002426119,0.0027688635,756.0,906.0
115,Mt1,0.003958112,0.005989149,211.0,173.0
116,Lbp,0.0023470414,0.0028830015,783.0,874.0
117,Msln,0.002824823,0.005040316,616.0,359.0
118,Itm2a,0.0032483395,0.004738994,473.0,442.0
119,Enpp2,0.0012503107,0.0017693967,1163.0,1145.0
120,Rpl39l,0.0061734705,0.01024979,23.0,16.0
121,Col3a1,0.0049813045,0.0072533493,63.0,64.0
122,Cenpe,0.0032648628,0.005789718,458.0,215.0
123,Dio2,0.00039680942,0.0004375362,1641.0,1695.0
124,Dio3,0.000817973,0.00088199624,1367.0,1464.0
125,Ptgs2,0.0033122033,0.005981952,441.0,175.0
126,Rxfp1,0.00020174708,0.000253468,1818.0,1836.0
127,Adamts5,0.0042391084,0.004924797,145.0,385.0
128,Ildr2,0.0012797096,0.0013410333,1146.0,1288.0
129,Rbp4,0.0016678616,0.0021996207,996.0,1043.0
130,Aldh1a2,0.0011132885,0.0022855117,1230.0,1017.0
131,Mki67,0.0038960567,0.0049238675,241.0,387.0
132,Muc5b,0.0004506422,0.0008285159,1600.0,1489.0
133,Pclaf,0.003930101,0.004588708,223.0,479.0
134,Fmo3,0.0018359051,0.0026165857,945.0,944.0
135,Krt19,0.0050539225,0.006734654,58.0,83.0
136,Krt7,0.0027991312,0.0039349715,629.0,640.0
137,Ripply1,0.001568349,0.0021730866,1040.0,1046.0
138,Gsta4,0.005504815,0.008582035,36.0,32.0
139,Birc5,0.0035065962,0.004839638,379.0,408.0
140,Crabp2,0.0027162882,0.0038406479,654.0,658.0
141,Sptssb,0.0005467749,0.0007213852,1533.0,1539.0
142,Fmod,0.0012060837,0.0016010009,1182.0,1193.0
143,Moxd1,0.00057916495,0.00085024314,1510.0,1483.0
144,Cthrc1,0.0066173696,0.009800838,19.0,20.0
145,Podxl,0.0009939782,0.0010673829,1294.0,1381.0
146,Prc1,0.003056247,0.004338742,541.0,540.0
147,Myl9,0.003664761,0.005870907,323.0,197.0
148,Bmp3,0.0019129589,0.0019374745,923.0,1110.0
149,Fst,0.0051185377,0.007677707,54.0,48.0
150,Aox3,0.0017166091,0.0028829703,980.0,875.0
151,Cldn2,0.0014807369,0.0022659565,1071.0,1022.0
152,Tgfbi,0.0015113784,0.0023266484,1065.0,1008.0
153,Krt6a,0.00035554738,0.00093705894,1673.0,1440.0
154,Cx3cr1,0.00054132385,0.00080122054,1539.0,1498.0
155,Fabp5,0.0038540345,0.0059811487,248.0,176.0
156,Vgf,0.0020425722,0.0037165114,889.0,686.0
157,Cyp26b1,0.0019487903,0.002788364,914.0,904.0
158,Atp1a2,0.00022777596,0.00026470676,1788.0,1827.0
159,Gsta1,0.0021222539,0.002902276,861.0,868.0
160,Folh1,0.0026442537,0.0045562875,677.0,488.0
161,Reg3g,0.00064057455,0.000569386,1467.0,1610.0
162,Gas6,0.004494466,0.006050376,103.0,160.0
163,Hmmr,0.0033514216,0.0050898604,428.0,348.0
164,Ppbp,9.886384e-06,1.4726796e-05,1956.0,1956.0
165,Adamts1,0.0038985207,0.0056323283,240.0,236.0
166,Oasl2,0.0013372275,0.001995815,1128.0,1102.0
167,Gbp2,0.0009994842,0.0018308118,1290.0,1133.0
168,Rgcc,0.002376513,0.0034760118,769.0,735.0
169,Ccnb1,0.002842308,0.0036451316,611.0,700.0
170,Mt3,0.00053889217,0.000598351,1542.0,1597.0
171,Aspn,0.0037489133,0.005471468,289.0,266.0
172,Ogn,0.005878382,0.009727236,29.0,21.0
173,Serpinb1a,0.0012215973,0.0015311874,1177.0,1220.0
174,Wnt16,0.0010232403,0.001417234,1277.0,1268.0
175,Pi15,0.002192691,0.0025665576,837.0,955.0
176,Iigp1,0.0004908971,0.00088310475,1575.0,1463.0
177,Hmgb2,0.0039035287,0.004690486,236.0,460.0
178,Serpina3g,0.0019026377,0.0027071708,925.0,920.0
179,Mt2,0.0044098436,0.005788622,116.0,216.0
180,Nrk,0.0049092877,0.008378709,65.0,33.0
181,Cryab,0.0044990657,0.0066089584,102.0,97.0
182,Cenpa,0.0033118862,0.004258411,442.0,556.0
183,Gria2,0.00034596075,0.00040253755,1679.0,1714.0
184,Upk1b,0.0047697546,0.0048944782,76.0,394.0
185,Fibin,0.0035834527,0.005169356,356.0,328.0
186,Agt,0.0016717039,0.0020438663,994.0,1090.0
187,Spp2,0.0024942262,0.0032209617,737.0,796.0
188,Serpinf1,0.0043417993,0.0066894167,123.0,92.0
189,Cxcl2,0.0004106076,0.0005441082,1630.0,1629.0
190,Slc5a7,0.0015819058,0.0023162223,1031.0,1011.0
191,Nppc,0.0012179789,0.001166968,1180.0,1345.0
192,Igfbp6,0.0043816743,0.0101142535,118.0,18.0
193,Clps,0.0006603399,0.00105338,1454.0,1386.0
194,Gpc3,0.0049983743,0.009256556,62.0,24.0
195,Scara5,0.000969392,0.001410257,1301.0,1271.0
196,Cma2,0.00032161322,0.0003279828,1704.0,1773.0
197,Tnfsf15,0.0011896145,0.0011770797,1196.0,1339.0
198,Il11,0.0020965566,0.0022632552,869.0,1023.0
199,Lcn2,0.003154401,0.0034724602,504.0,737.0
200,Selenop,0.0044505335,0.0064230305,109.0,112.0
201,Tspan8,0.0020942513,0.003637134,872.0,706.0
202,Bex2,0.004144335,0.0049338415,165.0,380.0
203,Magel2,0.0011744739,0.0015189992,1203.0,1227.0
204,Bst2,0.0029105777,0.003754912,584.0,675.0
205,Slurp1,0.0006189089,0.0007545833,1485.0,1521.0
206,Ms4a4d,0.0030204912,0.0043214895,551.0,544.0
207,Clca3a1,0.0058833943,0.009201553,28.0,26.0
208,Ramp1,0.0041480865,0.005627804,163.0,238.0
209,Tacr1,0.002171199,0.0020524426,842.0,1089.0
210,Tnxb,0.00077426975,0.0009847298,1387.0,1414.0
211,Adh1,0.00049704046,0.0007775675,1567.0,1509.0
212,Ifi44,0.00039211795,0.00043505203,1646.0,1697.0
213,Nusap1,0.0026719067,0.0032666957,665.0,788.0
214,Cdk1,0.004069226,0.004695092,185.0,458.0
215,S100a4,0.0071345735,0.012089763,12.0,8.0
216,Atp8a1,0.0016138033,0.0018792002,1019.0,1125.0
217,Mal,0.0003922873,0.00059766,1645.0,1598.0
218,Adm,0.0036486401,0.006037041,329.0,165.0
219,Ephx2,0.0031483602,0.0043607084,506.0,536.0
220,Cdc20,0.0032540567,0.0049658422,464.0,372.0
221,Igf1,0.00321327,0.0046556885,484.0,466.0
222,Agtr2,0.0015759477,0.0026235185,1036.0,940.0
223,Hpgd,0.0013439762,0.0015377757,1124.0,1215.0
224,Rflnb,0.004429588,0.00630635,112.0,127.0
225,S100a13,0.0038021805,0.0063068266,263.0,126.0
226,Ms4a4b,0.00072921463,0.0007845804,1414.0,1507.0
227,Mt4,0.0014213467,0.0013619112,1086.0,1281.0
228,Oit1,0.00073558354,0.0011281904,1408.0,1360.0
229,Rdh10,0.0029802907,0.004026183,562.0,624.0
230,Plagl1,0.003424121,0.004783997,402.0,428.0
231,Gdf10,0.001200154,0.0022631073,1186.0,1024.0
232,Nkx2-1,8.923679e-05,0.00012931511,1927.0,1930.0
233,Igfbp4,0.00537747,0.008194676,39.0,37.0
234,Scpep1,0.004164592,0.0068372237,159.0,79.0
235,Ereg,0.0026203515,0.0032933152,688.0,779.0
236,S100a9,0.0011838493,0.0011003246,1197.0,1371.0
237,Cldn3,0.00048236604,0.00073217944,1582.0,1534.0
238,Gas1,0.0041471724,0.0048952503,164.0,393.0
239,Serpinb6b,0.00311208,0.00447632,519.0,513.0
240,Sult1b1,0.0006747288,0.00093781087,1446.0,1438.0
241,Dcn,0.0025581873,0.004239166,711.0,562.0
242,Glipr1,0.002459175,0.0031522184,747.0,814.0
243,Rgs2,0.0023127478,0.0032696396,794.0,787.0
244,Wnt6,0.0012551998,0.0017043273,1161.0,1159.0
245,Tpx2,0.00325885,0.0048439167,462.0,406.0
246,Olfr1260,0.00043293473,0.0005429054,1614.0,1630.0
247,Thbs2,0.0044101067,0.0055181663,115.0,255.0
248,Ckb,0.0039008774,0.006661965,237.0,94.0
249,Tnfrsf11b,0.0016506548,0.0018202604,1002.0,1136.0
250,Cyp2f2,0.0007631802,0.0009544659,1391.0,1425.0
251,Nrep,0.0017812392,0.0026714506,967.0,928.0
252,Cxcl17,0.0022418923,0.0030444118,817.0,835.0
253,Ndnf,0.0054677282,0.0071482672,38.0,67.0
254,Gm2115,0.0027632797,0.0036507014,638.0,698.0
255,F5,0.00077784515,0.0010682868,1384.0,1380.0
256,Sned1,0.0041830866,0.0076456647,157.0,49.0
257,Thbs1,0.006882009,0.006488207,16.0,106.0
258,Peg10,0.0025914204,0.0036408745,703.0,704.0
259,Aqp1,0.00039696324,0.0007540903,1640.0,1522.0
260,Cxcl12,0.0052851643,0.0067082252,44.0,90.0
261,Pla2g7,0.001850739,0.0026197084,940.0,941.0
262,Smoc2,0.0033102059,0.00481392,444.0,415.0
263,Fgfbp1,0.00055535487,0.00087564206,1527.0,1470.0
264,Rrm2,0.0038257083,0.0054891584,258.0,260.0
265,Tnfsf9,0.0014832382,0.0015186343,1070.0,1228.0
266,Ramp3,0.0015780672,0.0026441144,1034.0,934.0
267,Serpina3m,0.0007298137,0.00086626277,1413.0,1477.0
268,Itgbl1,0.0023901819,0.0038110435,766.0,665.0
269,Gdf15,0.0013247575,0.002028574,1134.0,1094.0
270,Prss42,0.00051394897,0.000593061,1558.0,1601.0
271,Lum,0.0005449842,0.0009989194,1536.0,1405.0
272,Lgals3,0.0031114856,0.0043060184,520.0,548.0
273,Calca,0.0013796194,0.0014102769,1109.0,1270.0
274,Ccna2,0.0024817332,0.003397305,740.0,756.0
275,C2cd4b,0.0005511941,0.0010672134,1528.0,1382.0
276,Fth1,0.0051459544,0.0067286803,51.0,85.0
277,Adh7,0.00065679045,0.0007753209,1459.0,1513.0
278,Aspa,0.00061732635,0.0008710573,1488.0,1473.0
279,Gabrq,0.0023419145,0.002877805,788.0,876.0
280,Kif20b,0.002597239,0.0037407419,700.0,681.0
281,Cd55,0.00423208,0.0053470433,148.0,294.0
282,Ldhb,0.0041371947,0.006025727,167.0,167.0
283,Plk1,0.0021988815,0.003693503,834.0,689.0
284,Cldn1,0.0012322641,0.001519993,1173.0,1225.0
285,Mafb,0.0010706085,0.0015229079,1253.0,1224.0
286,Col1a2,0.008137865,0.013171195,7.0,6.0
287,Dpt,0.0010269439,0.0016005784,1274.0,1194.0
288,F3,0.00425691,0.005868957,141.0,198.0
289,Npr3,0.0023392146,0.0035603028,789.0,721.0
290,Foxq1,0.0025032507,0.0032603005,734.0,789.0
291,4933402E13Rik,0.00034948954,0.00047502396,1677.0,1677.0
292,A730046J19Rik,0.0029704059,0.003180331,565.0,809.0
293,Akr1b7,0.0005847441,0.0006776608,1506.0,1558.0
294,Kif11,0.0029021061,0.0031561726,589.0,813.0
295,Tgfb2,0.003312941,0.005623507,439.0,240.0
296,Timp4,0.00032163356,0.00048486498,1703.0,1667.0
297,Bcas1,0.0011610597,0.0012876707,1209.0,1304.0
298,Vtn,0.0009507292,0.0015669997,1312.0,1207.0
299,3830403N18Rik,0.0009549324,0.0012259379,1308.0,1321.0
300,Ccnb2,0.0024029627,0.0033702222,762.0,760.0
301,Tk1,0.0026132844,0.0029496828,691.0,856.0
302,Wnt7b,0.0019777187,0.0025926456,902.0,948.0
303,Inhbb,0.0022011388,0.0029732033,831.0,851.0
304,Col8a1,0.0040988117,0.0054144156,173.0,276.0
305,Pgm5,0.0016299944,0.0020988244,1009.0,1073.0
306,Ace2,0.005003985,0.004883869,61.0,395.0
307,Smc2,0.0036744263,0.004561083,319.0,487.0
308,Retn,0.00044034165,0.00031187703,1604.0,1789.0
309,Try5,0.0006798585,0.00068679557,1443.0,1552.0
310,Tppp3,0.0009732802,0.0011857358,1299.0,1336.0
311,Cdca3,0.0026939118,0.0036655637,662.0,692.0
312,Sftpc,0.00081298855,0.006039904,1371.0,164.0
313,Pla1a,0.0023271216,0.0041190768,791.0,597.0
314,Adcyap1r1,0.0018183124,0.0020897654,950.0,1076.0
315,Cks2,0.003796422,0.005845409,267.0,205.0
316,Cdca8,0.0027533842,0.0042503197,639.0,560.0
317,Cavin2,0.004909223,0.0076007633,66.0,52.0
318,Lsp1,0.0034846123,0.0046388768,386.0,469.0
319,Ltbp2,0.006320853,0.008978438,22.0,28.0
320,Gdpd2,0.0001293908,0.00023603864,1899.0,1847.0
321,Plac8,0.0071992804,0.01310048,11.0,7.0
322,Sult1d1,8.357633e-05,0.00012664469,1931.0,1932.0
323,Lyz2,0.001368966,0.0018864487,1113.0,1123.0
324,Aurka,0.0022606375,0.0028294534,811.0,890.0
325,Ebf1,0.0034314487,0.0043720803,400.0,534.0
326,Cited2,0.0040221005,0.0055336277,198.0,251.0
327,Serpinb9b,0.0020953019,0.0026261245,870.0,939.0
328,Cdc42ep3,0.00374807,0.0042344052,291.0,564.0
329,Grin2a,0.0001698353,0.00020085176,1853.0,1877.0
330,Anln,0.002934509,0.0042682425,577.0,552.0
331,Wnt10a,0.0012704316,0.0015193851,1152.0,1226.0
332,Gsta3,0.00036455295,0.00029845544,1668.0,1799.0
333,Atp6v1c2,0.002863724,0.0041590147,602.0,586.0
334,Ccne2,0.0024220683,0.0044767074,758.0,512.0
335,Omd,0.002229591,0.0032043534,821.0,799.0
336,Esco2,0.0027072208,0.0033756283,656.0,759.0
337,Stc1,0.0014093269,0.0015651967,1098.0,1208.0
338,Rarres1,0.0015643621,0.0020558713,1042.0,1088.0
339,Cdo1,0.0030937758,0.0040361243,530.0,621.0
340,Ccdc80,0.004310919,0.0066813272,133.0,93.0
341,Ucp2,0.0024528608,0.003425051,748.0,749.0
342,Capn6,0.0011935903,0.0016040999,1192.0,1191.0
343,Hand2,0.00249401,0.0032728922,738.0,786.0
344,Grem2,0.002970524,0.0039553335,564.0,636.0
345,Sbspon,0.00093985535,0.0014565572,1314.0,1253.0
346,Cxcl3,0.00031050632,0.00012961193,1711.0,1928.0
347,Myh11,0.003237195,0.005481219,479.0,263.0
348,Unc45b,0.00020804112,0.00018656702,1812.0,1894.0
349,Dock2,0.0014147039,0.0016116158,1092.0,1190.0
350,Ecm1,0.003794876,0.0064867083,269.0,107.0
351,Fhl1,0.0042205774,0.00712369,151.0,68.0
352,Ctsh,0.003513222,0.005053903,375.0,353.0
353,Plaur,0.003977725,0.0050296574,205.0,361.0
354,Clspn,0.0025813123,0.003788241,707.0,669.0
355,Lxn,0.004592169,0.006139135,86.0,145.0
356,Gas7,0.002554735,0.003874323,712.0,654.0
357,Csrp1,0.004567935,0.008926968,90.0,29.0
358,Aspm,0.0020624325,0.0028758135,881.0,878.0
359,Slfn9,0.0016810282,0.0026684715,989.0,929.0
360,Ckap2l,0.0023153152,0.002714938,793.0,916.0
361,Hspb1,0.0038294962,0.005393954,256.0,281.0
362,Lrrc17,0.0018144182,0.0022959856,952.0,1015.0
363,Sgo2a,0.0022938368,0.0035290497,800.0,727.0
364,Srpx2,0.0016784236,0.0025807726,991.0,950.0
365,Gbp7,0.0008045938,0.0010192154,1375.0,1396.0
366,Pbk,0.0023689712,0.0032449933,772.0,793.0
367,Glul,0.0036123653,0.005721216,343.0,224.0
368,Lig1,0.0032760238,0.00408175,452.0,607.0
369,Ch25h,0.0013131445,0.0017009996,1136.0,1161.0
370,Esam,0.00052401325,0.00073428923,1553.0,1532.0
371,Slfn2,0.0016824186,0.0022859112,988.0,1016.0
372,Chchd10,0.0025912523,0.0031827327,704.0,808.0
373,Ect2,0.0022649628,0.0039061038,809.0,650.0
374,Retreg1,0.004506102,0.004707626,100.0,455.0
375,Sema5a,0.0046054926,0.0058495845,84.0,202.0
376,Serping1,0.0015230622,0.002408079,1057.0,989.0
377,Fbxo5,0.0022798402,0.003401268,805.0,755.0
378,Hmcn1,0.0015161112,0.0023327223,1062.0,1007.0
379,Edn1,0.001590334,0.0021052184,1025.0,1072.0
380,Stmn1,0.004780187,0.0057372404,74.0,221.0
381,Timp1,0.0060276743,0.00809112,26.0,41.0
382,Wfdc12,0.00062017934,0.0007868334,1483.0,1505.0
383,Knl1,0.0024272392,0.0029216337,755.0,864.0
384,Apol9a,0.00051108346,0.00064321054,1561.0,1581.0
385,Tff3,0.00028671886,0.0004924513,1731.0,1661.0
386,Acsm3,0.002202581,0.0026766006,830.0,926.0
387,Fbn2,0.0050528236,0.0074078953,59.0,58.0
388,Lmcd1,0.0016281619,0.002220716,1011.0,1033.0
389,Dusp2,0.0004985507,0.00040784958,1564.0,1711.0
390,S100a16,0.0040052985,0.005922797,201.0,187.0
391,Samd5,0.003028194,0.005146173,549.0,333.0
392,Incenp,0.0028661944,0.0039073997,601.0,649.0
393,Lrg1,0.0001867284,0.00021721769,1836.0,1866.0
394,Tgm1,0.00034892355,0.0006906016,1678.0,1551.0
395,Col25a1,0.0012628942,0.0020949545,1156.0,1074.0
396,Tpm2,0.0037425067,0.005969267,293.0,183.0
397,Ada,0.0016377557,0.0022044103,1006.0,1039.0
398,Pappa,0.003598374,0.0052528568,351.0,310.0
399,Smoc1,0.00078457134,0.0013652534,1383.0,1280.0
400,Lce3c,7.215509e-05,9.4738156e-05,1938.0,1942.0
401,Hells,0.0028796112,0.003820723,594.0,663.0
402,Rgs16,0.0022188663,0.003362715,826.0,761.0
403,Scnn1g,0.00020407155,0.00030919007,1815.0,1793.0
404,Pi16,0.00036994158,0.0006964532,1663.0,1548.0
405,Brinp3,0.0012265908,0.0015885505,1176.0,1200.0
406,Fkbp11,0.0038860654,0.0054118163,242.0,278.0
407,Tubb2b,0.0036541529,0.004799175,325.0,419.0
408,Asb4,0.0011808621,0.0011806665,1199.0,1338.0
409,Racgap1,0.0026124066,0.004108222,696.0,601.0
410,Steap4,0.0008207953,0.0008928736,1364.0,1460.0
411,Mgst1,0.0033858288,0.004702151,415.0,456.0
412,Npnt,0.005681409,0.0073773903,33.0,60.0
413,Atad2,0.003717282,0.004563892,303.0,485.0
414,1520401A03Rik,0.0004941177,0.00060848804,1572.0,1594.0
415,Selenbp1,0.0020889356,0.0027634096,875.0,908.0
416,Has2,0.0018808027,0.0020320355,930.0,1093.0
417,Cav1,0.0043143653,0.0065185125,130.0,104.0
418,Nt5e,0.0015220915,0.00164452,1058.0,1182.0
419,Wt1,0.00035394047,0.0004685109,1674.0,1682.0
420,Arg1,0.0006582838,0.0006979528,1456.0,1547.0
421,S100b,0.001332927,0.001396215,1131.0,1274.0
422,Akap12,0.00431214,0.0076424326,132.0,50.0
423,Col15a1,0.0010341429,0.0015347276,1269.0,1217.0
424,Matn4,0.0006801183,0.0010613117,1442.0,1385.0
425,Zic1,0.0018897764,0.0025177854,929.0,964.0
426,Lgr5,0.0010064403,0.0013930282,1284.0,1275.0
427,Pitx2,0.0010079596,0.0013134097,1283.0,1294.0
428,Prkg2,0.002744152,0.004585207,643.0,481.0
429,Aurkb,0.0020018565,0.0028709504,898.0,879.0
430,Fam174b,0.0025053748,0.0043898625,733.0,530.0
431,Kif2c,0.0017894675,0.0029773456,963.0,849.0
432,Spc24,0.0028760997,0.0032442252,596.0,794.0
433,Slfn8,0.000538791,0.0004913234,1543.0,1664.0
434,Rasgrp3,0.0008404451,0.0012725379,1358.0,1309.0
435,Ptgs1,0.0024522801,0.003804027,749.0,666.0
436,Tmsb4x,0.005087229,0.0056317025,56.0,237.0
437,Fam107a,0.0010363455,0.0011270236,1268.0,1361.0
438,Arhgef6,0.0025289773,0.003526494,724.0,728.0
439,Cldn15,0.0003222111,0.00040098917,1701.0,1716.0
440,Tnfsf11,0.0005135357,0.00057893636,1559.0,1607.0
441,Fam111a,0.0031024923,0.0047788164,524.0,431.0
442,Gda,0.001843133,0.0028050616,944.0,899.0
443,Tnc,0.0040958435,0.0060450984,174.0,162.0
444,Ppp1r14a,0.0034603048,0.005059879,393.0,352.0
445,Tm4sf1,0.004539384,0.0071653877,92.0,66.0
446,Prss23,0.0051621967,0.0073253876,50.0,62.0
447,Tmem140,0.0041156393,0.005992627,170.0,172.0
448,Bmp2,0.0010873453,0.0013676498,1243.0,1279.0
449,Abca12,0.00013591054,0.00017590434,1893.0,1902.0
450,Rgs7bp,0.00032323395,0.00039074145,1697.0,1719.0
451,Ism1,0.0010791804,0.0015758054,1249.0,1203.0
452,Svep1,0.0035827402,0.006412161,357.0,113.0
453,Stard8,0.0015242362,0.0021081613,1056.0,1070.0
454,Ptgis,0.002924136,0.0034433163,582.0,741.0
455,Sod3,0.0019647365,0.0023887544,907.0,995.0
456,Cdh6,0.002263687,0.0031643503,810.0,811.0
457,Col1a1,0.004046658,0.007021716,190.0,72.0
458,Lgr6,0.001180828,0.0014340756,1200.0,1263.0
459,Wif1,0.0023169143,0.0028452724,792.0,886.0
460,Col14a1,0.0020520967,0.003257827,888.0,790.0
461,Diaph3,0.00308864,0.0043708375,533.0,535.0
462,Colec12,0.0034759818,0.004981673,387.0,365.0
463,Kif20a,0.0022315304,0.0036651832,820.0,694.0
464,Mcpt9,0.00014184373,0.00028400897,1885.0,1809.0
465,Mcm3,0.0027830594,0.0042662723,633.0,554.0
466,Kcne2,0.0003404749,0.000490161,1685.0,1666.0
467,Myo5c,0.0022845587,0.003471331,804.0,738.0
468,Npy6r,0.00034536805,0.0004253156,1680.0,1702.0
469,Nes,0.0039309417,0.0070174565,222.0,73.0
470,Tat,0.00014532682,0.00016363626,1879.0,1913.0
471,Cebpd,0.0032238448,0.0047938735,483.0,422.0
472,Nrcam,0.0006721016,0.0010187573,1450.0,1397.0
473,Serpina1c,0.00027648552,0.00036102437,1745.0,1742.0
474,Cadps,0.0011836488,0.0014515739,1198.0,1258.0
475,Ano9,0.00026109724,0.00027374676,1757.0,1818.0
476,Cmpk2,0.00025917994,0.00043003715,1759.0,1700.0
477,Col6a2,0.0046054497,0.0050448454,85.0,356.0
478,Uhrf1,0.0025601748,0.0033532274,710.0,762.0
479,Galnt18,0.0043726494,0.005515561,121.0,256.0
480,Tceal5,0.0015413015,0.0026186227,1049.0,943.0
481,Kcnj8,0.0016895932,0.001768454,985.0,1146.0
482,Lgals4,0.00043253344,0.0007546911,1615.0,1520.0
483,Gm3776,0.0014096418,0.0021059988,1097.0,1071.0
484,Csrp2,0.0043751122,0.0060353326,120.0,166.0
485,Tgfb3,0.0026239094,0.0045108898,687.0,501.0
486,Cdh1,0.0010442341,0.0010740731,1266.0,1379.0
487,Gas2l3,0.0015400229,0.0023556927,1051.0,1003.0
488,Slc17a8,0.00037755168,0.00051128445,1657.0,1650.0
489,Sp100,0.0009989442,0.0015348288,1292.0,1216.0
490,Syt8,0.00058543344,0.00068212,1504.0,1555.0
491,Adgrb1,9.978948e-05,0.000106932726,1918.0,1937.0
492,Stra6,0.00025216234,0.00023153744,1767.0,1856.0
493,Afp,0.0007371198,0.0010387809,1406.0,1390.0
494,Tescl,0.0002219677,0.0002799618,1792.0,1812.0
495,Ckap2,0.0036787065,0.004797738,316.0,420.0
496,Fam180a,0.00041895884,0.00059977476,1622.0,1596.0
497,Itgb3,0.0019727172,0.0028881466,904.0,871.0
498,Ahr,0.0019481939,0.0029056019,915.0,867.0
499,Mgp,0.006585263,0.011577409,20.0,10.0
500,Ntng1,0.0016352219,0.0022108108,1007.0,1036.0
501,Peg3,0.005173093,0.0075544273,49.0,55.0
502,Arl6ip1,0.0050417376,0.008361091,60.0,34.0
503,Apol9b,0.00024475536,0.0002794608,1771.0,1813.0
504,Car2,0.0015257635,0.0021139563,1054.0,1068.0
505,Thsd7a,0.0042632837,0.0062636756,139.0,130.0
506,Rtl3,0.0006825368,0.0007869342,1441.0,1504.0
507,Cd248,0.0042407913,0.0048728073,144.0,397.0
508,Bglap,0.0003732319,0.000409589,1659.0,1709.0
509,AA467197,7.0052745e-05,0.0001082167,1939.0,1936.0
510,Gjb2,0.00025072397,0.00022615776,1769.0,1860.0
511,Cldn10,0.0012363393,0.0015824304,1169.0,1201.0
512,Tenm4,0.0012158952,0.0020873724,1181.0,1078.0
513,Id2,0.003242981,0.0058788336,476.0,196.0
514,Kif22,0.002509345,0.0034686604,732.0,739.0
515,Ttyh1,0.0007706869,0.001198248,1388.0,1330.0
516,Fbln2,0.005085553,0.006718221,57.0,88.0
517,Tprg,0.0009592357,0.0014831178,1306.0,1244.0
518,Notum,0.00061547256,0.00077112287,1490.0,1515.0
519,Mmp2,0.0045166244,0.006232623,97.0,134.0
520,Tnip3,0.00087719655,0.0013019673,1347.0,1298.0
521,Gatm,0.0012811103,0.0016645443,1143.0,1174.0
522,Mlph,0.003728686,0.0046660076,296.0,463.0
523,Gm49368,0.0001105154,0.00021312866,1912.0,1870.0
524,Zim1,0.0015781091,0.0022295257,1033.0,1030.0
525,Sebox,0.00022207844,0.00019595581,1791.0,1884.0
526,Ccdc3,0.0020891416,0.002260653,874.0,1026.0
527,Perp,0.004751369,0.008252962,78.0,35.0
528,Pgc,0.0011535906,0.0015600887,1210.0,1209.0
529,Gm7102,0.00018544428,0.00021576541,1838.0,1869.0
530,Mettl7b,0.0007417165,0.0010137949,1402.0,1399.0
531,Spink8,0.0006297261,0.001467212,1475.0,1251.0
532,Pltp,0.0029428364,0.004354918,576.0,537.0
533,Reg3b,0.00016695673,0.00041304412,1857.0,1707.0
534,Fam129a,0.003575314,0.0054266863,359.0,273.0
535,Mylk,0.0041844645,0.0050462615,156.0,354.0
536,Cp,0.004314039,0.0061794263,131.0,140.0
537,Frmpd4,0.00010765958,0.0001082845,1913.0,1935.0
538,Ccnf,0.0015866313,0.002219964,1028.0,1035.0
539,Timp3,0.004251893,0.004712622,142.0,454.0
540,Slc38a4,0.002908283,0.004255139,585.0,558.0
541,Adra2a,0.0008613129,0.0015169766,1351.0,1230.0
542,Col12a1,0.0039723786,0.0057065217,206.0,226.0
543,Lmnb1,0.0033603958,0.0047742995,425.0,432.0
544,Pdlim4,0.0015854323,0.002164732,1029.0,1050.0
545,Fgf2,0.003089037,0.003744105,532.0,677.0
546,Dkk3,0.0026664597,0.0039376114,668.0,639.0
547,Rhov,0.00029301288,0.00036909152,1725.0,1735.0
548,Nepn,2.9462815e-05,2.8570363e-05,1951.0,1955.0
549,Serpinb9,0.0020029163,0.0035405979,897.0,725.0
550,Tnni2,0.00079859473,0.0011524461,1377.0,1350.0
551,Cldn4,0.00016661579,0.0001795754,1858.0,1901.0
552,Inhba,0.003766818,0.0060442956,284.0,163.0
553,Angpt1,0.0011217615,0.0020754207,1224.0,1082.0
554,Fam71a,0.00023154367,0.00023672935,1784.0,1846.0
555,C9,0.00021292496,0.00027719408,1807.0,1816.0
556,Clic5,0.0034548675,0.005343811,398.0,296.0
557,Col7a1,0.005323022,0.006725424,42.0,86.0
558,Tagln2,0.0042181136,0.0074132355,152.0,57.0
559,Klre1,0.0001405878,0.00018285755,1887.0,1898.0
560,Cpxm1,0.0023625973,0.002646116,775.0,933.0
561,Klf2,0.003010732,0.0038784903,553.0,653.0
562,Gm8126,0.00046674444,0.00047666405,1595.0,1676.0
563,Lingo4,4.6757294e-05,0.00014427533,1943.0,1922.0
564,Lbh,0.0035358735,0.0057068993,370.0,225.0
565,Gm8909,0.0008880414,0.0007081465,1340.0,1541.0
566,Cda,0.00070626644,0.0011736965,1429.0,1343.0
567,Slc4a4,0.0031657093,0.0040639234,499.0,614.0
568,Tmem37,0.003964098,0.005453999,207.0,269.0
569,Mb,0.00016509766,0.00027256735,1859.0,1820.0
570,Slc10a6,0.0006338292,0.00090647704,1473.0,1450.0
571,Epha3,0.0019551679,0.0030856496,913.0,825.0
572,Nrp2,0.0024792645,0.0045533376,741.0,490.0
573,Fgf9,0.00061759877,0.0008760553,1487.0,1469.0
574,Adgrg2,0.0012483301,0.0020878527,1164.0,1077.0
575,Gjb1,0.00025459874,0.0003118856,1765.0,1788.0
576,Mgst3,0.0039176145,0.005667846,227.0,232.0
577,Comp,0.0010049206,0.0012979266,1287.0,1301.0
578,S1pr3,0.0032997965,0.0045218314,446.0,497.0
579,Gata5,5.27646e-05,0.00016583414,1942.0,1908.0
580,Cldn9,0.00036265684,0.0004913309,1669.0,1663.0
581,Sult1a1,0.0026460087,0.0036583457,675.0,695.0
582,Lax1,0.00041129373,0.00034851776,1629.0,1755.0
583,Pcdh10,0.0010593787,0.0013497614,1258.0,1284.0
584,Smpd3,0.0032447616,0.0041913996,475.0,578.0
585,Fxyd1,0.0014677978,0.0021189784,1074.0,1066.0
586,Cpne4,0.00032254372,0.00037833067,1700.0,1727.0
587,Ncapg2,0.002372239,0.002861965,770.0,882.0
588,Cd83,0.0002597125,0.00052673125,1758.0,1637.0
589,Mme,0.0019654788,0.0030531294,906.0,832.0
590,Casq2,0.00051598303,0.00080753694,1557.0,1496.0
591,Arsi,0.00023935527,0.00033647008,1777.0,1764.0
592,Nuggc,0.00017937284,0.00020014615,1845.0,1879.0
593,Tpm1,0.0037112974,0.0043773856,306.0,532.0
594,Xdh,0.00057982234,0.000814284,1509.0,1495.0
595,Mybphl,2.0838435e-05,6.09836e-05,1953.0,1949.0
596,Gem,0.0012815766,0.0015463094,1142.0,1212.0
597,Sall1,0.00058640295,0.0006545533,1502.0,1574.0
598,Spaar,9.485271e-05,0.00015051235,1923.0,1919.0
599,Atp4a,9.977609e-05,0.000101448866,1919.0,1938.0
600,Pgf,0.002344079,0.002900106,786.0,869.0
601,Rhox5,0.000659405,0.0008966793,1455.0,1457.0
602,Bmp4,0.0031099536,0.004730719,521.0,445.0
603,H2-Q1,0.00034526692,0.00051499205,1681.0,1646.0
604,Ackr3,0.0028571915,0.0033359688,606.0,767.0
605,Kcnj15,0.0037643495,0.0049099107,285.0,391.0
606,Csl,0.00014535412,0.00032300453,1878.0,1777.0
607,Adamts15,0.00036699566,0.00041190122,1666.0,1708.0
608,2810459M11Rik,0.00015956607,0.00033314177,1864.0,1769.0
609,Hmox1,0.0031156824,0.00463927,518.0,468.0
610,Ly6c1,0.0034120232,0.0037070245,407.0,687.0
611,Pdgfra,0.0026340946,0.0033405614,682.0,765.0
612,Sema3d,0.0025249287,0.0037839452,726.0,671.0
613,Arsj,0.00235028,0.0031867137,782.0,806.0
614,Kctd12,0.0031811267,0.004338328,496.0,541.0
615,Ranbp3l,0.00015024614,0.00013152692,1872.0,1927.0
616,Hc,9.656991e-05,0.00018957566,1920.0,1891.0
617,Tsnaxip1,0.0003184084,0.002077331,1706.0,1081.0
618,H1f0,0.0037907723,0.0057496983,272.0,219.0
619,Chodl,0.00029991046,0.00028587566,1721.0,1807.0
620,Ecscr,0.004028816,0.0063901604,195.0,119.0
621,Shh,0.0005329844,0.0006796481,1545.0,1557.0
622,Hhip,0.001106698,0.0012970688,1232.0,1302.0
623,Fbxo43,9.281434e-05,0.00020526536,1925.0,1874.0
624,Sord,0.001622143,0.0025714647,1016.0,953.0
625,Prr15l,0.0007001258,0.0008961308,1433.0,1458.0
626,Rgs17,0.0022715486,0.0032807023,808.0,785.0
627,Emb,0.0035377147,0.0054900334,369.0,259.0
628,Icam1,0.00229663,0.0028128298,799.0,896.0
629,Slc39a5,0.00010426552,0.00013227944,1915.0,1926.0
630,Klhl6,0.0006112333,0.0009164547,1494.0,1448.0
631,Itga2,0.0006872596,0.0009655824,1440.0,1420.0
632,Anxa8,0.006952848,0.009879787,15.0,19.0
633,H2-Q10,0.0013497417,0.0016483825,1120.0,1179.0
634,Atf3,0.0035184773,0.0051195496,374.0,338.0
635,Pdk4,0.0024256445,0.00295022,757.0,855.0
636,Chrdl2,2.3494175e-07,5.137957e-07,1960.0,1960.0
637,Iyd,0.00065572764,0.00065117807,1461.0,1578.0
638,Ptch2,0.00012629153,0.00019479671,1901.0,1887.0
639,Ptprt,0.00058747764,0.000666443,1500.0,1565.0
640,Smim6,0.00011882529,0.00015226593,1908.0,1918.0
641,Upb1,0.00034151334,0.00076746015,1684.0,1518.0
642,Ifi27l2b,0.0028985846,0.0036535047,590.0,697.0
643,Mc2r,0.00032875198,0.00053584814,1692.0,1634.0
644,Dut,0.0038843423,0.0060626375,245.0,159.0
645,Hgd,0.0002725303,0.00034946267,1751.0,1753.0
646,Kcnj16,8.318287e-05,0.00041772367,1932.0,1704.0
647,Sox21,0.0005705393,0.0008764556,1516.0,1468.0
648,Ftl1,0.0045044217,0.0049766735,101.0,367.0
649,Slco2b1,0.00021992865,0.00034979256,1796.0,1752.0
650,Bcl2l15,0.00028267739,0.00026780934,1739.0,1825.0
651,Gldc,0.0014866155,0.0017064746,1068.0,1158.0
652,Flrt2,0.0036442273,0.0056267437,333.0,239.0
653,Parm1,0.0042798994,0.005280373,137.0,306.0
654,Vsnl1,0.0003252554,0.00044667217,1695.0,1691.0
655,Cpn2,0.00013411074,0.00015985695,1897.0,1915.0
656,C1s1,0.0017847202,0.0026440627,964.0,935.0
657,Vcam1,0.0034889705,0.0048209336,383.0,412.0
658,Dpep1,0.0024984973,0.0045314715,736.0,494.0
659,Vnn1,0.002035557,0.00238615,891.0,997.0
660,Tmem178,0.00029640787,0.0004346203,1722.0,1698.0
661,Tspan13,0.0031541344,0.004021688,505.0,625.0
662,Fam90a1a,5.759695e-05,9.169801e-05,1941.0,1943.0
663,Mcam,0.0027454263,0.0040554646,641.0,617.0
664,Pdpn,0.0052915127,0.005894918,43.0,190.0
665,Gsto1,0.0034711082,0.0051581473,390.0,330.0
666,Tigd4,0.00054554257,0.0011473988,1535.0,1352.0
667,Gpm6b,0.0035250206,0.004163925,371.0,585.0
668,Hbegf,0.003317249,0.0052472856,437.0,311.0
669,Olfml2a,0.000290688,0.00062116253,1726.0,1589.0
670,Phgr1,0.0011189496,0.001011815,1226.0,1401.0
671,Aifm3,0.00024132273,0.0002526916,1774.0,1838.0
672,Hrc,0.00043638446,0.0007668334,1611.0,1519.0
673,Palm3,0.0023640876,0.0035895885,774.0,712.0
674,Trim17,0.0004051538,0.0003529936,1632.0,1750.0
675,Ffar4,0.0010479637,0.0010365235,1263.0,1391.0
676,Lox,0.006119241,0.008216394,24.0,36.0
677,Nkx6-2,0.00019355823,0.00031801497,1828.0,1783.0
678,Unc79,0.00019224086,0.00031017282,1830.0,1791.0
679,Btn1a1,0.00011480367,0.0001542702,1910.0,1916.0
680,Vldlr,0.0035204878,0.0052449782,372.0,312.0
681,Actl7b,0.00012401673,0.0001743112,1904.0,1905.0
682,Dbf4,0.0030946159,0.0040635876,528.0,615.0
683,Sp5,0.0005635914,0.0007022794,1521.0,1546.0
684,Il18rap,0.00070513174,0.0011410544,1430.0,1353.0
685,Gpr156,0.00013992588,0.00024539957,1889.0,1840.0
686,Ly6a,0.0040423106,0.006082928,193.0,156.0
687,Olfr571,8.777752e-05,0.0001401955,1928.0,1923.0
688,Ccdc152,0.0042360364,0.0057872874,146.0,217.0
689,Ezr,0.004480029,0.008103127,106.0,40.0
690,Nell2,0.0010431533,0.0016985318,1267.0,1163.0
691,Slc5a5,0.00015350645,0.00034588153,1870.0,1758.0
692,Itih5,0.0008951417,0.0012245167,1338.0,1323.0
693,Ndrg1,0.0014023498,0.0015070501,1100.0,1234.0
694,Akr1c14,0.0009990166,0.0011484034,1291.0,1351.0
695,Cyp2d10,1.5528165e-05,9.486544e-05,1954.0,1941.0
696,Scn4b,0.00036223757,0.00061058276,1670.0,1593.0
697,Bdnf,0.003812159,0.0050888564,262.0,349.0
698,Cpz,0.0014190585,0.002082501,1088.0,1079.0
699,Lrrc32,0.0025398629,0.0036467945,718.0,699.0
700,Vwce,0.00028825502,0.0003203839,1729.0,1781.0
701,Crygs,0.00026732252,0.00070711673,1755.0,1543.0
702,Eps8l2,0.0020172996,0.0023963407,894.0,991.0
703,Col5a2,0.0041168937,0.0073158164,168.0,63.0
704,Lrrtm3,0.00054938527,0.00051514624,1530.0,1645.0
705,Lhx6,0.00085460785,0.0011192296,1353.0,1365.0
706,Il5,0.00017106472,0.00018349943,1852.0,1897.0
707,Hrh3,9.5966825e-05,0.00018899454,1922.0,1892.0
708,Pglyrp1,0.000527963,0.00052542286,1550.0,1638.0
709,Slc39a4,0.0009003229,0.0011356965,1337.0,1356.0
710,Ifi203,0.0010253689,0.00118483,1275.0,1337.0
711,Slc6a19,0.00016324407,0.00073558284,1862.0,1531.0
712,Ccl17,0.0010613637,0.0015020275,1256.0,1237.0
713,Csgalnact1,0.0023615626,0.0033132622,777.0,777.0
714,Hormad2,0.00014558774,0.00038803805,1877.0,1720.0
715,Kazald1,0.0022124813,0.0032861757,828.0,781.0
716,Mcm6,0.0028791085,0.0040146247,595.0,626.0
717,Hpx,0.0012442255,0.0016896843,1165.0,1167.0
718,Id4,0.002098142,0.0033049884,868.0,778.0
719,Casq1,0.00023579889,0.00034751336,1781.0,1756.0
720,Actr3b,0.0003784336,0.00062687637,1656.0,1585.0
721,Ache,0.00019812377,0.00026552562,1821.0,1826.0
722,Lypd2,7.319385e-05,0.00012931686,1937.0,1929.0
723,Nfkbia,0.0037077686,0.00448855,307.0,509.0
724,Pcna,0.0029885345,0.0040580486,560.0,616.0
725,Cit,0.0018534127,0.0024062013,939.0,990.0
726,Crocc2,0.0006369023,0.0010991532,1470.0,1372.0
727,Gm20379,5.476938e-06,1.0651809e-05,1957.0,1958.0
728,Igfals,0.0002189486,0.0002717461,1799.0,1822.0
729,Lsr,0.0026882058,0.004029381,663.0,623.0
730,Acox2,0.00023128805,0.0003520699,1785.0,1751.0
731,Isyna1,0.002257633,0.0028862003,812.0,872.0
732,Krt20,0.00096244557,0.0016556174,1305.0,1175.0
733,Col8a2,0.00028878,0.0004043036,1728.0,1712.0
734,Nr4a1,0.003413245,0.004724997,406.0,447.0
735,Gadd45a,0.0031549516,0.004487753,503.0,510.0
736,Baat,0.00027567896,0.0002920585,1746.0,1804.0
737,Gsn,0.0031051477,0.005044143,523.0,357.0
738,Selenbp2,0.00043493687,0.0006201397,1612.0,1590.0
739,Smagp,0.00031490606,0.00061714294,1708.0,1591.0
740,Adap1,0.0008107339,0.000845297,1374.0,1485.0
741,Megf6,0.00053024245,0.00065556273,1549.0,1573.0
742,Ocstamp,0.0003444892,0.000483627,1683.0,1668.0
743,Tex15,0.0014126954,0.0020240643,1094.0,1095.0
744,Jam2,0.0022210637,0.004526112,824.0,496.0
745,Rassf4,0.00054723455,0.0009854799,1532.0,1413.0
746,Spdef,0.0003321527,0.00035459426,1689.0,1747.0
747,Ccdc68,0.002697872,0.003993534,660.0,627.0
748,Klhl30,0.0008356162,0.0006726964,1359.0,1562.0
749,Clmp,0.0029568314,0.004484013,571.0,511.0
750,Entpd3,0.000117972486,0.00013878747,1909.0,1924.0
751,S100a1,0.0039348467,0.0063092504,221.0,125.0
752,Porcn,0.0021454717,0.0032244902,852.0,795.0
753,Ceacam1,0.0010569581,0.001093475,1260.0,1374.0
754,Omg,0.00028045956,0.00036128127,1741.0,1741.0
755,Tcim,0.002706562,0.003914538,657.0,647.0
756,Medag,0.0034724423,0.0052173818,388.0,318.0
757,Dnah14,0.00014058358,0.00016543875,1888.0,1909.0
758,Elavl2,0.0016492048,0.002227473,1003.0,1031.0
759,Ncapd2,0.0020575873,0.00297309,887.0,852.0
760,1700001P01Rik,0.00018705227,0.00026938197,1835.0,1824.0
761,Ccdc177,0.00016445782,0.00019728114,1860.0,1882.0
762,Kitl,0.0035678742,0.0066086394,362.0,98.0
763,Nog,0.0022382932,0.003022128,818.0,841.0
764,Vegfd,0.0035105073,0.0053340583,378.0,297.0
765,Cox6b2,0.0046870764,0.00781592,80.0,44.0
766,Stpg1,0.000471799,0.00051200757,1591.0,1649.0
767,Tmem26,0.00021807764,0.00032790846,1801.0,1774.0
768,Pla2g4c,0.0007507756,0.00090619345,1398.0,1451.0
769,Aldh1a3,0.0011924817,0.0015488203,1194.0,1211.0
770,Fxyd3,0.00022119092,0.00029120297,1795.0,1805.0
771,Nkpd1,0.00013656305,0.00023363484,1892.0,1853.0
772,Cttnbp2,0.00051278534,0.00037578316,1560.0,1729.0
773,Jph2,0.0019124165,0.0028238625,924.0,892.0
774,Pcdh9,0.003278737,0.0044497936,451.0,519.0
775,Gcnt3,0.00021706073,0.000737259,1802.0,1530.0
776,Pla2g5,0.00017823024,0.0001979495,1848.0,1881.0
777,Fank1,0.00062761107,0.00058726437,1478.0,1604.0
778,Styxl1,0.00020390312,0.0002580192,1816.0,1830.0
779,Isl2,0.00019434256,0.00023568096,1827.0,1849.0
780,Plp1,0.0008137117,0.00078646257,1370.0,1506.0
781,Jag2,0.00092023687,0.0011025849,1326.0,1369.0
782,Vim,0.0026714192,0.0035744577,666.0,717.0
783,Rprm,0.0028187751,0.0047008856,620.0,457.0
784,Cspg4,0.002645465,0.004194319,676.0,576.0
785,Matn3,0.0011121992,0.0009458259,1231.0,1433.0
786,Maob,0.0013454634,0.0018897933,1123.0,1122.0
787,Mboat1,0.0030456523,0.0042580664,544.0,557.0
788,Lrp2,0.0016474305,0.0025172818,1004.0,966.0
789,Sh2d4a,0.0018008373,0.0022219557,958.0,1032.0
790,Epgn,0.00021654359,0.0002564357,1803.0,1833.0
791,Asb15,3.452612e-06,8.246741e-06,1959.0,1959.0
792,Pde3a,0.0026582277,0.0031934052,673.0,803.0
793,Ifih1,0.0014546912,0.0023398953,1076.0,1004.0
794,Tubb6,0.0039152447,0.004972923,228.0,369.0
795,Colec10,9.390922e-05,0.00019616833,1924.0,1883.0
796,B3gnt6,2.4069344e-05,6.269736e-05,1952.0,1948.0
797,Amy1,0.006780378,0.009306802,17.0,22.0
798,Dhrs3,0.002682141,0.0042187,664.0,569.0
799,Sox11,0.0039041743,0.005347641,235.0,293.0
800,Rasd1,0.00088566495,0.0007762952,1341.0,1511.0
801,Vdr,0.0018702968,0.0030835716,935.0,826.0
802,Plin4,0.0002416868,0.00022706394,1773.0,1858.0
803,Ltk,0.00012710677,0.00041850976,1900.0,1703.0
804,Pak6,0.00020688884,0.00027209683,1813.0,1821.0
805,Adgrf5,0.0017815855,0.0027422362,966.0,911.0
806,Nid2,0.002795094,0.0041672066,630.0,584.0
807,Kif26b,0.0018220826,0.0028263682,947.0,891.0
808,Arhgap11a,0.0028283235,0.004132252,615.0,593.0
809,Chrna5,0.00030815962,0.0005178096,1712.0,1642.0
810,Mmp23,0.003381339,0.00411007,417.0,600.0
811,Prr15,0.00079635193,0.0009689514,1379.0,1418.0
812,Olfml2b,0.0030018804,0.0041806423,556.0,580.0
813,Sept4,0.0006485379,0.00092315377,1464.0,1446.0
814,Vcan,0.004938584,0.005926371,64.0,186.0
815,Errfi1,0.004280278,0.0056522577,136.0,234.0
816,Loxl2,0.0045399736,0.006872949,91.0,77.0
817,Apoa4,0.00030676508,0.0007475992,1714.0,1526.0
818,Nek5,0.00047206253,0.00055018073,1590.0,1624.0
819,Trabd2b,0.0019418949,0.0031983873,918.0,802.0
820,Lrrc39,0.00028150762,0.000301552,1740.0,1797.0
821,Traf1,0.00039160915,0.00036293184,1647.0,1739.0
822,H2-Eb1,0.00040462342,0.00044338097,1633.0,1693.0
823,Rbp1,0.005679628,0.008591078,34.0,31.0
824,Atp2a3,0.000111105415,0.00016514439,1911.0,1912.0
825,Bmx,0.0008830239,0.001223489,1343.0,1324.0
826,Cdc25b,0.0013863766,0.0015099193,1106.0,1232.0
827,Gm13889,0.00030337516,0.0006643279,1716.0,1567.0
828,Marveld2,0.00014744113,0.00023535897,1876.0,1850.0
829,Adamts2,0.0016341972,0.0020584273,1008.0,1085.0
830,Ermap,0.0001479238,0.0001875318,1875.0,1893.0
831,Snai1,0.0019810193,0.0029486543,901.0,858.0
832,Hes6,0.0036384484,0.0053500575,335.0,292.0
833,Slit2,0.0037873706,0.004450591,276.0,518.0
834,Mal2,0.0005493839,0.0011898547,1531.0,1333.0
835,Anxa1,0.0033514437,0.0049456786,427.0,376.0
836,Htr1d,0.00014955338,0.00018463735,1873.0,1896.0
837,Egr3,0.0015477953,0.0025781544,1045.0,952.0
838,Tuba1b,0.003347172,0.0064756894,431.0,108.0
839,Islr,0.0012566415,0.0014968684,1160.0,1238.0
840,Aox4,0.00013494528,0.0001817643,1895.0,1900.0
841,Itga6,0.0030345544,0.0036068826,548.0,709.0
842,Vil1,0.0012566478,0.0016547852,1159.0,1176.0
843,Pin1rt1,0.00067381765,0.0003411542,1449.0,1761.0
844,Epb42,0.00014303073,0.00017310247,1882.0,1906.0
845,Rab27b,0.0017816589,0.0024357552,965.0,983.0
846,Mpzl2,0.0025130326,0.0037832037,731.0,672.0
847,Ltb,0.00012072355,0.00017565028,1907.0,1903.0
848,Serpind1,0.0010237717,0.0013739718,1276.0,1277.0
849,Irf7,0.0007357299,0.0009745298,1407.0,1417.0
850,AB124611,0.00019132032,0.0002478398,1833.0,1839.0
851,Cyp2c23,0.00015641445,0.00021586998,1867.0,1868.0
852,Slc7a2,0.0010038535,0.0016879424,1288.0,1169.0
853,Aadat,0.00022424983,0.0004174182,1790.0,1705.0
854,Cd109,0.0040936777,0.004860917,175.0,402.0
855,Cd44,0.0042282464,0.007604676,149.0,51.0
856,Ano1,0.0010695941,0.0018111408,1254.0,1139.0
857,A530016L24Rik,9.61639e-05,0.00040787246,1921.0,1710.0
858,Hmgcs1,0.0037493447,0.0054206145,288.0,274.0
859,Sulf1,0.0036484883,0.006390837,330.0,118.0
860,Tmpo,0.0036206625,0.0049294005,340.0,383.0
861,Tex14,0.00045005773,0.0005612732,1601.0,1612.0
862,Il17re,4.587363e-05,7.6832825e-05,1944.0,1946.0
863,Klhl38,0.00020303138,0.00023573205,1817.0,1848.0
864,Siglece,0.00015873261,0.00020064534,1865.0,1878.0
865,Ccdc146,0.00023545658,0.00028549507,1782.0,1808.0
866,D630039A03Rik,0.00057385996,0.00047005079,1513.0,1679.0
867,Cdh11,0.004445992,0.007103871,111.0,69.0
868,Tnfaip2,0.0029272465,0.0046598003,581.0,464.0
869,Tnfrsf19,0.00056368357,0.0013479674,1520.0,1285.0
870,Agtr1b,0.00023660045,0.0002805952,1780.0,1811.0
871,Capn9,0.00065758196,0.0011115568,1457.0,1367.0
872,Ier3,0.003770141,0.004895991,283.0,392.0
873,Prss8,0.00024027562,0.00024125911,1776.0,1844.0
874,Fetub,0.0007958932,0.00108472,1380.0,1376.0
875,Runx1t1,0.0028916819,0.0041699084,592.0,583.0
876,Bbox1,0.0006187225,0.0007762618,1486.0,1512.0
877,Gsg1l,0.00023664885,0.00037282705,1779.0,1731.0
878,Ppargc1a,0.0007027323,0.0008572633,1432.0,1481.0
879,Arap3,0.00017776994,0.0003323035,1849.0,1770.0
880,Loxl1,0.004260693,0.0052740695,140.0,307.0
881,Arc,0.0008195195,0.0011147861,1365.0,1366.0
882,Gclc,0.0038427562,0.0060475958,251.0,161.0
883,Gfod2,0.002113962,0.0032472503,867.0,792.0
884,Slc27a2,0.00043703706,0.00039974524,1609.0,1717.0
885,C2cd4c,0.00023506556,0.00041502994,1783.0,1706.0
886,Casz1,0.00051830796,0.00079483085,1556.0,1502.0
887,Ccnd1,0.0038330213,0.0053588594,255.0,288.0
888,Spint2,0.0036845775,0.005837911,312.0,206.0
889,Foxj1,0.0006922547,0.0007679362,1439.0,1516.0
890,Tns1,0.0047756108,0.0063614612,75.0,121.0
891,Ephx3,0.0006990725,0.000866267,1435.0,1476.0
892,Hmga2,0.0035568941,0.0058369525,367.0,207.0
893,Itgae,0.00019226957,0.00024296604,1829.0,1842.0
894,Steap1,0.002667789,0.0039762314,667.0,629.0
895,Ccne1,0.0033681176,0.0041204602,421.0,596.0
896,Lama4,0.0030942473,0.004407467,529.0,528.0
897,Chd5,0.00021053696,0.0003530185,1809.0,1749.0
898,Espn,0.0023845623,0.0036153146,768.0,708.0
899,Plxnc1,0.00060974836,0.00092904887,1495.0,1444.0
900,Lamb3,7.710748e-05,0.0001600687,1935.0,1914.0
901,Sytl2,0.0027371102,0.0033334086,647.0,769.0
902,Frmd4b,0.003394607,0.004143217,412.0,591.0
903,Htra1,0.0033641795,0.004847065,423.0,405.0
904,Nrarp,0.00038721456,0.0003489702,1650.0,1754.0
905,Ptprd,0.0023596056,0.0035027352,779.0,732.0
906,AA986860,0.0010880129,0.0017554916,1241.0,1149.0
907,Cd9,0.004808562,0.008997281,72.0,27.0
908,Arl4d,0.0013513285,0.0022017672,1119.0,1040.0
909,Psg17,7.825897e-05,0.0001475456,1934.0,1920.0
910,Aebp1,0.0048571606,0.0057969163,67.0,214.0
911,Fosb,0.0032812154,0.0053089694,449.0,301.0
912,Gm12185,0.00054189475,0.0006775609,1538.0,1559.0
913,Duoxa1,0.00015852427,0.0002570911,1866.0,1832.0
914,Ank,0.0045213397,0.008191825,96.0,38.0
915,Ppp2r2b,0.0017810074,0.00293414,969.0,862.0
916,Lgals1,0.0037974333,0.005062676,265.0,351.0
917,Itga8,0.0035936814,0.005118118,353.0,339.0
918,Cd24a,0.0035108638,0.005880251,377.0,195.0
919,Fgf7,0.004829648,0.0077642025,70.0,47.0
920,Pkdrej,0.00020933506,0.00024312663,1810.0,1841.0
921,Oas2,0.00039267354,0.0006559848,1644.0,1572.0
922,Rasl12,0.0004641778,0.0007983806,1596.0,1500.0
923,Col4a1,0.004080409,0.004763473,180.0,436.0
924,Shisa2,0.0023442172,0.003433372,785.0,746.0
925,Apon,0.00016834946,0.00032077782,1855.0,1780.0
926,Col27a1,0.0021966896,0.0028130815,835.0,895.0
927,Cyba,0.004142796,0.006086763,166.0,155.0
928,Kcna6,0.0001914311,0.00024148199,1832.0,1843.0
929,Fjx1,0.0028547568,0.003786091,607.0,670.0
930,1700066B19Rik,0.000328273,0.0003156414,1693.0,1787.0
931,Slc16a12,0.0005063104,0.00051421695,1562.0,1647.0
932,Fbln5,0.0039056637,0.0058839964,234.0,193.0
933,Ifitm3,0.003611322,0.0045102416,345.0,502.0
934,Olfr912,0.00021840697,0.00048314538,1800.0,1670.0
935,Gstm1,0.0037477019,0.0050255386,292.0,362.0
936,Vipr2,0.00049549266,0.00070806325,1570.0,1542.0
937,Thsd4,0.0011685924,0.0024726298,1207.0,973.0
938,Cyp2d26,0.0002691073,0.00029378364,1753.0,1803.0
939,Lix1,0.00038704465,0.00035367894,1651.0,1748.0
940,Necab1,0.00015618806,0.00020445815,1868.0,1876.0
941,Zmynd10,0.00014457645,0.00016526744,1880.0,1911.0
942,Neurl1b,0.0003723104,0.00046305242,1660.0,1684.0
943,Nr2f1,0.002061315,0.0026000247,882.0,945.0
944,Tjp3,0.00017846035,0.00021696197,1847.0,1867.0
945,Kcne3,8.280632e-05,0.00015357976,1933.0,1917.0
946,Rtp4,0.0007458864,0.0011579196,1400.0,1348.0
947,Ptgds,0.00040441568,0.0004555731,1635.0,1689.0
948,Clec4a1,0.00016109206,0.00025422394,1863.0,1835.0
949,Cubn,0.0015403632,0.0018308976,1050.0,1132.0
950,Fam57b,0.00017944213,0.00019545473,1844.0,1885.0
951,Liph,0.0005184708,0.0008815465,1555.0,1465.0
952,Slc45a3,0.00063936936,0.0007150069,1468.0,1540.0
953,F7,0.00019508495,0.00020588901,1825.0,1872.0
954,Dqx1,0.0009789512,0.0012607151,1297.0,1312.0
955,Il6st,0.0038720188,0.0051682186,246.0,329.0
956,Hook1,0.0012792308,0.0017201175,1148.0,1155.0
957,Lrrc7,0.001142872,0.0015077156,1215.0,1233.0
958,Npr1,0.00041343924,0.0004978196,1627.0,1658.0
959,Clic6,0.0010053234,0.0013365378,1285.0,1289.0
960,Zbtb20,0.0035645484,0.00510464,364.0,344.0
961,Acss1,0.00025872997,0.00030899805,1760.0,1794.0
962,Large2,0.00039499174,0.00042893575,1642.0,1701.0
963,Acnat1,0.0003235434,0.0005571617,1696.0,1619.0
964,Apoc4,0.00031426558,0.0003780695,1709.0,1728.0
965,Depdc1b,0.0005438119,0.0009642089,1537.0,1421.0
966,Itgb6,0.00021931602,0.0002730865,1797.0,1819.0
967,Synpo2l,0.00074696966,0.0017281594,1399.0,1154.0
968,Axdnd1,0.0004921503,0.0004914772,1574.0,1662.0
969,Hacd2,0.004090551,0.0059831413,177.0,174.0
970,1700007K13Rik,0.0029045728,0.004729825,586.0,446.0
971,Serpinb8,0.0019570675,0.003148529,911.0,815.0
972,Sytl1,0.0009303832,0.001122749,1321.0,1364.0
973,Tpbgl,0.0005862458,0.00054667494,1503.0,1627.0
974,Ppp1r36,0.00041753578,0.00046623443,1625.0,1683.0
975,Rab25,3.9591967e-05,9.517815e-05,1947.0,1940.0
976,Fen1,0.0023596361,0.002410097,778.0,988.0
977,Fry,0.0022186458,0.002953881,827.0,854.0
978,H2-Q7,0.00025643184,0.00033543952,1763.0,1765.0
979,Lrrd1,0.00041851503,0.0005223824,1623.0,1639.0
980,Rorc,0.00012972645,0.00012774683,1898.0,1931.0
981,Exph5,0.0011734036,0.0014940989,1206.0,1239.0
982,Cxcr4,0.00046793322,0.00048351559,1594.0,1669.0
983,Rnf128,0.0027385002,0.0038523313,646.0,657.0
984,Pde5a,0.0023090623,0.0030230968,796.0,840.0
985,Sparc,0.0031617174,0.0047197146,501.0,450.0
986,Ncam1,0.0039444948,0.0062208534,219.0,137.0
987,Mfap2,0.0036446867,0.004190905,332.0,579.0
988,Dio1,0.00024228927,0.00027048978,1772.0,1823.0
989,Lrguk,0.00036966192,0.00044290797,1664.0,1694.0
990,Sox9,0.002468216,0.0035740691,743.0,718.0
991,Agap2,0.0002869716,0.00031145825,1730.0,1790.0
992,Crisp2,0.00022946848,0.00044416476,1787.0,1692.0
993,Maf,0.0027096318,0.0036217286,655.0,707.0
994,Pde6a,0.00036526608,0.0002968059,1667.0,1801.0
995,Tmprss2,0.0005596368,0.00049088453,1524.0,1665.0
996,Gna14,0.0010464347,0.0010770216,1265.0,1378.0
997,Arhgap19,0.0016827679,0.0024589885,987.0,978.0
998,Fads6,0.0002900517,0.0002820799,1727.0,1810.0
999,Efhd1,0.0005459759,0.00090136623,1534.0,1455.0
1000,Erg,3.782014e-05,5.9083442e-05,1948.0,1951.0
1001,Maged2,0.0046106814,0.005483262,83.0,262.0
1002,Prr33,0.00023022362,0.00022242185,1786.0,1862.0
1003,Klhl13,0.0033816276,0.005078833,416.0,350.0
1004,Nsg1,0.0026124185,0.0043257982,695.0,543.0
1005,Fbxo47,0.0002559044,0.00030875357,1764.0,1795.0
1006,Ifi27,0.0039601447,0.006129772,209.0,148.0
1007,Tbx1,0.0012336366,0.0016424624,1171.0,1183.0
1008,Scn3b,0.0013950185,0.0021332707,1104.0,1059.0
1009,Hist1h4m,0.00071224594,0.0006655804,1426.0,1566.0
1010,Klrb1f,0.0013938057,0.00095122965,1105.0,1429.0
1011,Col6a1,0.0040873513,0.0081154695,178.0,39.0
1012,Arl9,0.0001224613,0.00026455565,1905.0,1828.0
1013,Plpp3,0.0038459112,0.005354005,250.0,289.0
1014,Hmgn5,0.0037999768,0.0064536673,264.0,109.0
1015,Olfml3,0.002025597,0.0026479817,892.0,932.0
1016,Ltb4r1,0.0007212929,0.0008733539,1421.0,1471.0
1017,Matn2,0.0023696257,0.003440479,771.0,742.0
1018,Phlda1,0.0034626066,0.004930419,392.0,381.0
1019,Nek10,0.0001974293,0.000226589,1823.0,1859.0
1020,Arhgef26,0.0018504235,0.0028046505,941.0,900.0
1021,Wfdc3,0.00035937002,0.00051594595,1672.0,1643.0
1022,Efs,0.0016864922,0.0021535507,986.0,1053.0
1023,Cfap46,0.00017862875,0.00023400744,1846.0,1851.0
1024,Vwf,0.00010316137,0.00018519507,1916.0,1895.0
1025,1700016C15Rik,0.00013446681,0.00021295369,1896.0,1871.0
1026,Zdhhc23,0.00017195955,0.00023397435,1851.0,1852.0
1027,Depdc7,0.0026194463,0.0042177998,689.0,570.0
1028,Hist1h4n,0.00031950988,0.00050486735,1705.0,1655.0
1029,Sobp,0.001437001,0.0022068562,1084.0,1038.0
1030,Adamtsl3,0.0010759352,0.0012327782,1250.0,1319.0
1031,Atp2b4,0.0027337787,0.004107763,649.0,602.0
1032,Ube2u,0.00016840143,0.00019376987,1854.0,1888.0
1033,Ces2e,0.0007387914,0.0009528904,1404.0,1427.0
1034,Fzd1,0.0031426419,0.004352488,507.0,538.0
1035,Cst6,0.0008192616,0.0009418687,1366.0,1435.0
1036,Enpep,0.00019935802,0.00018256185,1820.0,1899.0
1037,Lpar1,0.002414018,0.0033248675,759.0,773.0
1038,H2-K1,0.0034230882,0.0045039277,403.0,505.0
1039,Atg4a-ps,0.0001440993,0.00019498724,1881.0,1886.0
1040,Tmtc1,0.0018206611,0.003217118,948.0,797.0
1041,Hs6st2,0.0051045376,0.007576308,55.0,53.0
1042,Ppp1r14c,0.00056037045,0.0007241752,1523.0,1536.0
1043,Bhlha15,0.0001911905,0.00024018106,1834.0,1845.0
1044,Bace2,0.002528575,0.004046669,725.0,620.0
1045,Dclk1,0.0026309083,0.005316174,683.0,300.0
1046,Pak3,0.003661569,0.0049273046,324.0,384.0
1047,Rarb,0.00077447126,0.0011363305,1386.0,1355.0
1048,Cybrd1,0.0005391899,0.00074971846,1541.0,1525.0
1049,Dusp9,0.0008162912,0.0015386146,1369.0,1214.0
1050,Lgi3,0.00040224145,0.0003663421,1638.0,1738.0
1051,Dmpk,0.002782693,0.004715659,634.0,452.0
1052,Glrx,0.0029695744,0.00391517,566.0,646.0
1053,Loxl3,0.0034700697,0.005515012,391.0,257.0
1054,Lgals9,0.002551913,0.004630979,714.0,470.0
1055,Doc2b,9.2619855e-05,0.00010975955,1926.0,1934.0
1056,Acsm1,0.0001826089,0.00033789914,1839.0,1763.0
1057,Gpr62,0.00056157756,0.00060458446,1522.0,1595.0
1058,Rab11fip4,0.00025359963,0.00038169938,1766.0,1724.0
1059,Xrra1,0.0005764178,0.000480901,1512.0,1672.0
1060,Ms4a10,0.002160735,0.0034334513,846.0,745.0
1061,Fcgrt,0.0021255715,0.0027580587,860.0,909.0
1062,Gpd1,0.00025813145,0.00029886758,1761.0,1798.0
1063,Cyp21a1,0.00030436303,0.00012632104,1715.0,1933.0
1064,Chst13,0.0011951893,0.0021687811,1190.0,1048.0
1065,Kcnt2,0.00054043235,0.0007426802,1540.0,1529.0
1066,Tuft1,0.003135898,0.004959131,510.0,373.0
1067,Slc1a1,0.0009047577,0.00094786205,1335.0,1431.0
1068,Mrgprf,0.0003998758,0.00046886774,1639.0,1681.0
1069,Snhg11,0.0011985183,0.0016480105,1188.0,1180.0
1070,Gnmt,0.00018063535,0.0001729033,1842.0,1907.0
1071,Rpp25,0.000403423,0.00062430964,1636.0,1588.0
1072,Ifitm10,0.0012580014,0.0018246758,1158.0,1134.0
1073,Tspan11,0.0008705402,0.00095783785,1350.0,1423.0
1074,Pm20d1,0.00037386923,0.0005581152,1658.0,1616.0
1075,Pax8,4.355939e-05,5.8854865e-05,1945.0,1952.0
1076,En1,0.0036834108,0.006001156,313.0,169.0
1077,Tubb4b,0.0037408518,0.006827052,294.0,80.0
1078,Hpn,0.0003069203,0.0003390798,1713.0,1762.0
1079,Edil3,0.0014508101,0.002855888,1079.0,883.0
1080,Tmem119,0.002245346,0.0036414042,815.0,703.0
1081,Slc43a1,0.00084280514,0.0012090749,1357.0,1327.0
1082,Mtss1,0.0029725817,0.00443324,563.0,523.0
1083,Map1b,0.004287597,0.005739291,135.0,220.0
1084,4921536K21Rik,0.00032320915,0.0004803635,1698.0,1674.0
1085,Crlf1,0.006322689,0.009228962,21.0,25.0
1086,Sv2a,0.0005985524,0.0008504653,1498.0,1482.0
1087,Nhs,0.0029560942,0.003740744,572.0,680.0
1088,Hcn3,0.0002733943,0.0003218825,1750.0,1779.0
1089,Fos,0.004056452,0.00504561,189.0,355.0
1090,Slc51a,0.00033518893,0.000657617,1688.0,1571.0
1091,Acsl1,0.0035196848,0.004732092,373.0,444.0
1092,Npy4r,0.00097121217,0.0015805479,1300.0,1202.0
1093,Syt16,0.00017346961,0.00021824315,1850.0,1864.0
1094,Foxo4,0.0013717234,0.0016019647,1112.0,1192.0
1095,Iqgap2,0.0038398586,0.004864556,252.0,399.0
1096,Ism2,4.875146e-06,1.1829569e-05,1958.0,1957.0
1097,Ace,0.0014130127,0.0026866281,1093.0,925.0
1098,Selenom,0.004453777,0.0055394294,108.0,250.0
1099,Plcd4,0.00090626866,0.0010292273,1333.0,1394.0
1100,Jchain,3.4615456e-05,3.556995e-05,1949.0,1954.0
1101,Spns2,0.00030168536,0.00027889,1720.0,1815.0
1102,Fbxo32,0.0015047975,0.0021782739,1067.0,1045.0
1103,Pcdh7,0.00400597,0.005258808,200.0,309.0
1104,Tcf19,0.001796219,0.0024616276,960.0,977.0
1105,Mrln,0.00015534864,0.00023318257,1869.0,1855.0
1106,Trim30d,0.0021210755,0.0029100943,862.0,866.0
1107,Hes1,0.0039583673,0.005412564,210.0,277.0
1108,Cyp51,0.003961469,0.005996952,208.0,170.0
1109,Hsd17b1,0.00014203599,0.00017523886,1884.0,1904.0
1110,Mif,0.0029215827,0.0047846125,583.0,426.0
1111,Pld6,0.0006018722,0.0005488998,1497.0,1626.0
1112,Csf2rb2,0.000101459336,0.00030367204,1917.0,1796.0
1113,Slc38a3,0.00041621455,0.00036738077,1626.0,1736.0
1114,Cdh13,0.0025338156,0.0040655597,721.0,613.0
1115,Tnfaip3,0.0010175374,0.0016708913,1278.0,1172.0
1116,Esr1,0.00026849945,0.00038365318,1754.0,1723.0
1117,Fhl2,0.004202776,0.0063928785,153.0,117.0
1118,Kcnj2,0.0003447031,0.00048201747,1682.0,1671.0
1119,Steap2,0.0040582544,0.005860551,187.0,200.0
1120,Spry1,0.0024305575,0.0033279872,753.0,771.0
1121,Kcns1,0.00070764584,0.0009760593,1427.0,1416.0
1122,Rasl11b,0.0017342136,0.0021609915,975.0,1051.0
1123,Fam13a,0.0014346209,0.0013313252,1085.0,1290.0
1124,Fam25c,0.0002118914,0.00031993512,1808.0,1782.0
1125,Smarca1,0.002612836,0.0031228748,693.0,818.0
1126,Nup210l,8.357732e-05,9.043416e-05,1930.0,1944.0
1127,Eomes,0.00028474702,0.0003579329,1735.0,1745.0
1128,Tceal9,0.0037838349,0.004260031,278.0,555.0
1129,Pir,0.0036109374,0.006176396,346.0,141.0
1130,Cbr2,0.0005770872,0.0009836099,1511.0,1415.0
1131,Tshz2,0.0038177595,0.0051484634,260.0,331.0
1132,BC049762,0.0002742415,0.00057642296,1749.0,1608.0
1133,Syt7,0.00048952346,0.00075209024,1577.0,1524.0
1134,Pllp,0.00043863695,0.0006433251,1607.0,1580.0
1135,Tssk1,0.00020140182,0.00035860523,1819.0,1743.0
1136,Dusp5,0.0023973582,0.0038008816,764.0,667.0
1137,Kcnma1,0.00069545483,0.00086502364,1438.0,1478.0
1138,Nkx2-9,0.0013352461,0.0017831833,1130.0,1144.0
1139,Gadd45g,0.0039851354,0.0058817687,204.0,194.0
1140,Hoxb9,0.0047660843,0.0069907713,77.0,74.0
1141,Col4a2,0.0039509153,0.0067151673,216.0,89.0
1142,Tmem72,7.709606e-05,8.6277556e-05,1936.0,1945.0
1143,Txndc2,3.171622e-05,6.670286e-05,1950.0,1947.0
1144,H2-Q4,0.0008731452,0.0011857925,1349.0,1335.0
1145,Rpa2,0.00159856,0.0024840194,1020.0,971.0
1146,Msmo1,0.0031928634,0.0052858754,494.0,304.0
1147,Cebpb,0.00419227,0.0056117214,155.0,242.0
1148,Mamstr,0.0004439977,0.00093176373,1602.0,1443.0
1149,Far1,0.004026146,0.0065086246,197.0,105.0
1150,Nuak1,0.003491643,0.004840854,382.0,407.0
1151,Prph,0.000930525,0.0009043699,1320.0,1452.0
1152,Bmp7,0.00061699084,0.00077929476,1489.0,1508.0
1153,Gapdhs,0.00018630452,0.00021816436,1837.0,1865.0
1154,Prrx1,0.00444729,0.0048664915,110.0,398.0
1155,Klhdc8a,0.0032385564,0.0047601564,478.0,437.0
1156,Fgl1,0.00038432152,0.00049378275,1655.0,1660.0
1157,Clmn,0.0026528367,0.0037337714,674.0,683.0
1158,Prkch,0.00033589918,0.00045699443,1687.0,1687.0
1159,AI182371,0.00031574426,0.00035825872,1707.0,1744.0
1160,Itih2,0.001864016,0.0026195503,936.0,942.0
1161,Osr2,0.00061420834,0.00092243025,1491.0,1447.0
1162,Smim24,0.0004884193,0.0009889599,1578.0,1408.0
1163,Lgals3bp,0.0027029982,0.0035889226,659.0,713.0
1164,Ryr2,0.00041147185,0.000537897,1628.0,1633.0
1165,Chst2,0.0027335903,0.0029963295,650.0,843.0
1166,Pde9a,0.00024093573,0.0003253749,1775.0,1775.0
1167,St8sia2,0.0012645143,0.001624608,1155.0,1186.0
1168,Gm9903,0.00036851605,0.00043460692,1665.0,1699.0
1169,Hsf5,0.00019765999,0.0005034392,1822.0,1656.0
1170,Ppp1r1b,8.6707885e-05,0.00014684578,1929.0,1921.0
1171,Sowahb,0.00030294523,0.00050777046,1718.0,1653.0
1172,Ifit1bl2,0.00040443309,0.0006342051,1634.0,1584.0
1173,Vsig8,0.0013750758,0.0015988009,1110.0,1196.0
1174,Adgra2,0.002959646,0.0044508185,570.0,517.0
1175,Rnf223,0.00014843798,0.000223803,1874.0,1861.0
1176,Dab2,0.004070041,0.0061429776,184.0,143.0
1177,Vgll3,0.003912673,0.0064024227,230.0,115.0
1178,Wnt5a,0.003707131,0.005188184,308.0,323.0
1179,Nr4a3,0.00059252034,0.0005973532,1499.0,1599.0
1180,Abi3,0.0004540695,0.00046010144,1599.0,1685.0
1181,Atp1b1,0.005177774,0.006252195,48.0,131.0
1182,Susd4,0.00060944445,0.0009354919,1496.0,1441.0
1183,Prkag3,0.0002511069,0.00020563329,1768.0,1873.0
1184,Gcnt1,0.0010795023,0.0015331991,1248.0,1218.0
1185,Cysltr1,0.0008353617,0.0006407854,1360.0,1583.0
1186,Rgl1,0.0048320885,0.0062907673,69.0,128.0
1187,Spats2l,0.004116018,0.0075652804,169.0,54.0
1188,B3gnt3,0.00022480589,0.00037254553,1789.0,1733.0
1189,Vmn1r40,0.00024813318,0.00029012712,1770.0,1806.0
1190,Htra3,0.00032198604,0.00059306866,1702.0,1600.0
1191,Sox6,0.0008743954,0.0014930348,1348.0,1240.0
1192,Mroh4,0.00013580019,0.00013313167,1894.0,1925.0
1193,Tcf4,0.004491214,0.005972986,104.0,180.0
1194,Il6ra,0.0019578957,0.0024379496,910.0,982.0
1195,Asgr1,0.0005717428,0.0004805594,1514.0,1673.0
1196,Mmp15,0.0022461105,0.0035449148,814.0,724.0
1197,Bcam,0.001060934,0.0012344165,1257.0,1318.0
1198,Samd12,0.0027452726,0.0035712204,642.0,719.0
1199,Trac,0.0007159686,0.0008254152,1425.0,1492.0
1200,Adra1b,0.0025867904,0.0035842052,705.0,714.0
1201,0610040J01Rik,0.00027956665,0.00033378153,1742.0,1767.0
1202,4921507P07Rik,0.00015126525,0.00019882395,1871.0,1880.0
1203,Gm38393,0.0012940294,0.0016895795,1138.0,1168.0
1204,Kifc1,0.002287503,0.00285006,801.0,885.0
1205,Ppp1r3c,0.00075670466,0.0005191446,1394.0,1641.0
1206,C4b,0.00041950095,0.00046999787,1621.0,1680.0
1207,Cebpa,0.0010863817,0.0013061101,1245.0,1296.0
1208,Itgb4,0.0006122643,0.0008282331,1493.0,1490.0
1209,Hspb8,0.0021649748,0.00306725,845.0,828.0
1210,Prr22,4.2240885e-05,5.9459937e-05,1946.0,1950.0
1211,Mroh2a,0.0006739375,0.00087933475,1448.0,1466.0
1212,B3galt2,0.0012179912,0.0021482261,1179.0,1055.0
1213,Nkd1,0.0015215245,0.0024224767,1059.0,985.0
1214,Xntrpc,0.00018231384,0.0002791,1840.0,1814.0
1215,Xpnpep2,0.0002850157,0.00032217384,1733.0,1778.0
1216,2010109A12Rik,0.0008485938,0.000938085,1355.0,1437.0
1217,Atp7b,0.00069919147,0.0007223811,1434.0,1537.0
1218,Socs2,0.0029489817,0.0040357774,575.0,622.0
1219,Stap1,0.0002947951,0.000333505,1724.0,1768.0
1220,Ccdc70,0.00075173273,0.0010044938,1396.0,1403.0
1221,Tgfbr3,0.0032729653,0.004577544,455.0,483.0
1222,Zfp455,0.0002840301,0.00036942973,1736.0,1734.0
1223,Mef2b,0.00019201716,0.0002334556,1831.0,1854.0
1224,Fat4,0.0020703622,0.0029490874,877.0,857.0
1225,Itga1,0.0031414358,0.0043795533,508.0,531.0
1226,Rab27a,0.0011765797,0.0018170263,1202.0,1138.0
1227,Ugp2,0.0038530154,0.005929766,249.0,185.0
1228,Lmx1b,0.0010019145,0.0011672961,1289.0,1344.0
1229,Kcne4,0.0011181316,0.00175875,1229.0,1147.0
1230,Vmn1r90,0.0008125739,0.0011766414,1373.0,1341.0
1231,Ager,0.0010136871,0.0015513268,1281.0,1210.0
1232,Sorbs2,0.0058340253,0.010438956,30.0,14.0
1233,Sgk1,0.004469978,0.00566811,107.0,231.0
1234,Mapk15,0.00029532154,0.00031701504,1723.0,1785.0
1235,Celsr1,0.00043941324,0.00051533163,1606.0,1644.0
1236,Grb7,0.0006990113,0.00086452387,1436.0,1479.0
1237,P4ha2,0.0037815648,0.005822088,279.0,209.0
1238,Tubb5,0.0032088344,0.0041513843,489.0,587.0
1239,Slc8a3,0.00025733263,0.00039387812,1762.0,1718.0
1240,Zfp459,0.00026387983,0.00038772338,1756.0,1721.0
1241,Atp8b1,0.00085837,0.0012883992,1352.0,1303.0
1242,Zc3h12d,0.0003388134,0.00049905846,1686.0,1657.0
1243,Dysf,0.0019811965,0.0022012377,900.0,1042.0
1244,Atoh8,0.0025314584,0.0028001696,723.0,901.0
1245,Cdkn2b,0.004235415,0.006546286,147.0,101.0
1246,Cntnap5a,0.00062280847,0.0008970731,1480.0,1456.0
1247,Otoa,0.0004957103,0.0005502707,1569.0,1623.0
1248,Lrp4,0.0008007894,0.00094894576,1376.0,1430.0
1249,Ttc22,0.00027685927,0.0003093529,1744.0,1792.0
1250,Rassf9,0.0011181644,0.0014265936,1228.0,1265.0
1251,Tox,0.0016668008,0.0025489577,997.0,957.0
1252,B3gnt8,0.0003226527,0.0005686232,1699.0,1611.0
1253,Gsdmd,0.0015434521,0.0018800384,1047.0,1124.0
1254,Adcy1,0.0014406723,0.0020577007,1083.0,1087.0
1255,Nrtn,0.0012839388,0.0018783833,1140.0,1126.0
1256,Serpinf2,0.00038888562,0.00062635704,1649.0,1586.0
1257,Tcp11l1,0.003485687,0.0051789065,385.0,325.0
1258,St6galnac2,0.00034979868,0.0004773018,1676.0,1675.0
1259,Mark1,0.002118884,0.0027416693,864.0,912.0
1260,Hs3st5,0.00010480961,4.130474e-05,1914.0,1953.0
1261,Gramd2,0.00031065993,0.00053123303,1710.0,1636.0
1262,Cdhr1,0.0014207874,0.0017586543,1087.0,1148.0
1263,Myh7,0.0010681219,0.0014831742,1255.0,1243.0
1264,Chrm3,0.0012785334,0.0021194445,1149.0,1065.0
1265,AI661453,0.0010876419,0.0014323497,1242.0,1264.0
1266,Arxes2,0.002721873,0.0041500162,652.0,588.0
1267,Ccdc148,0.00048812997,0.0006742005,1579.0,1561.0
1268,Pdgfb,0.0009053102,0.0013268068,1334.0,1291.0
1269,Rpgrip1,0.002549645,0.004531535,715.0,493.0
1270,Kcnh1,0.0005557164,0.000937465,1525.0,1439.0
1271,Tm6sf2,0.0007175121,0.0009870325,1424.0,1410.0
1272,Kdf1,0.00039119806,0.0004977291,1648.0,1659.0
1273,Slc18a1,0.0004979353,0.00045206252,1566.0,1690.0
1274,Man1a,0.003569587,0.004609583,360.0,474.0
1275,Gabre,0.00091558136,0.0012672401,1327.0,1311.0
1276,Olfr1564,0.00023689034,0.00032483897,1778.0,1776.0
1277,Proser2,0.0023095938,0.00318983,795.0,804.0
1278,Prox1,0.0011645881,0.0013902095,1208.0,1276.0
1279,Igsf9,0.00067606923,0.0009035886,1445.0,1454.0
1280,Stc2,0.0015360931,0.0024390602,1052.0,981.0
1281,Pcdh18,0.0026104124,0.004087998,697.0,606.0
1282,Slc26a2,0.0031357915,0.005039847,511.0,360.0
1283,Cd14,0.0012422253,0.001247595,1167.0,1314.0
1284,Tmem151b,6.4686414e-05,0.0002047844,1940.0,1875.0
1285,Lrrc24,0.0002065363,0.00032944608,1814.0,1772.0
1286,Cdc14a,0.0025477663,0.0038828815,716.0,652.0
1287,Arhgef16,0.00042319234,0.00079237105,1618.0,1503.0
1288,Col11a1,0.0052666264,0.006753806,46.0,82.0
1289,Cacna1b,0.000951793,0.0011766136,1310.0,1342.0
1290,Nbl1,0.0040728394,0.0052433717,183.0,313.0
1291,Sorl1,0.0011309562,0.0012085915,1220.0,1328.0
1292,Fam210b,0.0033987295,0.0047809877,410.0,430.0
1293,Jun,0.0039080363,0.0050216685,233.0,363.0
1294,Nkain2,0.00049601466,0.00073331164,1568.0,1533.0
1295,Msx2,0.0017910264,0.0025105313,962.0,967.0
1296,Krt80,0.0012356354,0.0016162592,1170.0,1189.0
1297,Adrb2,0.002016059,0.0023736604,895.0,1000.0
1298,Pnma1,0.00030222445,0.0005582644,1719.0,1615.0
1299,Ipcef1,0.00047678448,0.00034500702,1586.0,1760.0
1300,Ces2g,0.001205851,0.0016917454,1183.0,1165.0
1301,Lims2,0.003098045,0.0041136052,525.0,598.0
1302,Nmnat3,0.0011273974,0.0017553737,1221.0,1150.0
1303,Cacna1g,0.0024352437,0.0028773844,752.0,877.0
1304,Eppk1,0.0013367806,0.0019517845,1129.0,1107.0
1305,Ttc36,0.0009930452,0.001138239,1295.0,1354.0
1306,Pla2g15,0.00284199,0.0036977327,612.0,688.0
1307,Gpc4,0.003926495,0.006797954,224.0,81.0
1308,Osgin1,0.00072608807,0.0008909695,1418.0,1461.0
1309,Vmn1r42,0.00022125809,0.00025941123,1794.0,1829.0
1310,Ripk4,0.0009514823,0.0009864145,1311.0,1412.0
1311,Drp2,0.00028494667,0.00040290796,1734.0,1713.0
1312,Tuba1c,0.003940083,0.005455212,220.0,268.0
1313,2200002D01Rik,0.003569565,0.0053506307,361.0,291.0
1314,Itga3,0.0021961078,0.003929454,836.0,643.0
1315,Irgm2,0.0009684975,0.0013104775,1302.0,1295.0
1316,Plxna2,0.003308612,0.004276543,445.0,551.0
1317,Gucd1,0.002021695,0.003054346,893.0,831.0
1318,Tceal8,0.0036937746,0.0053994507,311.0,280.0
1319,Slc20a1,0.002984,0.0044705328,561.0,514.0
1320,Snai3,0.00048133527,0.0006618502,1583.0,1568.0
1321,H2-M5,0.00048441644,0.00053486205,1580.0,1635.0
1322,Gpr63,0.0005672753,0.00074614346,1517.0,1527.0
1323,Tlr4,0.0012810308,0.0016188391,1144.0,1187.0
1324,Bex3,0.0036193125,0.0047454997,341.0,439.0
1325,Calml4,0.004005058,0.0047844886,202.0,427.0
1326,Tbx5,0.0013204075,0.0018960976,1135.0,1121.0
1327,Sorcs2,0.0016272621,0.0025175451,1012.0,965.0
1328,Aif1l,0.0021429458,0.002984148,854.0,845.0
1329,Scd1,0.003951786,0.004803244,214.0,417.0
1330,Cadm2,0.0015900006,0.0023859192,1026.0,998.0
1331,Myo15b,0.0014052684,0.0017114353,1099.0,1157.0
1332,P2ry1,0.00067982724,0.00083758263,1444.0,1486.0
1333,Cfap69,0.0012844119,0.002126558,1139.0,1061.0
1334,Mrc2,0.0029035688,0.0042044604,587.0,573.0
1335,Rbms3,0.004317597,0.005859811,129.0,201.0
1336,Cxxc4,0.00274033,0.0043523605,645.0,539.0
1337,Susd2,0.0006716106,0.0010487256,1451.0,1387.0
1338,Zfp934,0.0016730751,0.0029798106,993.0,847.0
1339,Foxa1,0.001511411,0.0024534697,1064.0,980.0
1340,Igfbp7,0.003925547,0.0051007336,225.0,347.0
1341,Pygb,0.0036327278,0.0053633125,337.0,286.0
1342,Rbm14,0.0026277555,0.003665532,686.0,693.0
1343,H2-T24,0.00040887215,0.00058375316,1631.0,1605.0
1344,Sertad4,0.0017525161,0.0023777923,971.0,999.0
1345,Proz,0.0003030257,0.00036178183,1717.0,1740.0
1346,Masp2,0.0010748802,0.0012424377,1252.0,1316.0
1347,Pid1,0.0037604792,0.0045068846,286.0,503.0
1348,Zfp882,0.000996497,0.0014703387,1293.0,1250.0
1349,Myo16,0.0007208444,0.0008834951,1422.0,1462.0
1350,Slc8a1,0.0013844247,0.0025019718,1107.0,969.0
1351,Abca1,0.003164833,0.0047644083,500.0,435.0
1352,Fam20a,0.0011029516,0.0014451769,1234.0,1260.0
1353,Mdm2,0.0032270656,0.0058188583,482.0,210.0
1354,Pls1,0.0003945616,0.00050686876,1643.0,1654.0
1355,Lefty1,0.0013265255,0.0019240204,1133.0,1116.0
1356,Rapgef4,0.0008167745,0.0009874993,1368.0,1409.0
1357,Rcn3,0.0043850956,0.0053456444,117.0,295.0
1358,Gipc3,0.0002147476,0.0003173186,1806.0,1784.0
1359,Lrrc71,0.0004178255,0.00062464137,1624.0,1587.0
1360,4930404N11Rik,0.0003864128,0.0004558493,1653.0,1688.0
1361,Cdhr5,0.0001675621,0.00016543576,1856.0,1910.0
1362,Spire1,0.0038342902,0.005479992,254.0,264.0
1363,Gprc5c,0.00063182873,0.00087163516,1474.0,1472.0
1364,Il13ra1,0.0018186591,0.0044946317,949.0,507.0
1365,Rec8,0.0007276207,0.000745777,1417.0,1528.0
1366,Jade3,0.0022087288,0.0032885838,829.0,780.0
1367,Lgr4,0.0023617977,0.0037780209,776.0,673.0
1368,Adrb3,0.0019013201,0.003082585,926.0,827.0
1369,Zfp185,0.00061352813,0.0005895311,1492.0,1602.0
1370,Bhlhe41,0.0010050323,0.0012529728,1286.0,1313.0
1371,Fam189a2,0.00049805234,0.0006421112,1565.0,1582.0
1372,Bhlhe40,0.0022528728,0.002817794,813.0,894.0
1373,C130074G19Rik,0.0010969372,0.0011251025,1237.0,1363.0
1374,Cgref1,0.0035633477,0.005845776,365.0,204.0
1375,Opn3,0.0011248022,0.0016929709,1223.0,1164.0
1376,Hid1,0.00047628558,0.000558075,1588.0,1617.0
1377,Lurap1l,0.004330842,0.0054708337,126.0,267.0
1378,Gm35339,0.00014213676,0.00019363654,1883.0,1889.0
1379,Aldoc,0.00042888586,0.00055487145,1616.0,1620.0
1380,Insig1,0.002845249,0.0043106396,609.0,547.0
1381,Olfr1313,0.0007066214,0.0015271045,1428.0,1222.0
1382,Rbm20,0.0008833123,0.0012398016,1342.0,1317.0
1383,Hsf2bp,0.0006209404,0.00072196836,1482.0,1538.0
1384,Slc6a6,0.005136462,0.007421794,53.0,56.0
1385,Tbx18,0.0018750466,0.0029715404,933.0,853.0
1386,Net1,0.0035576217,0.006342677,366.0,123.0
1387,Smtnl2,0.00069771556,0.001025221,1437.0,1395.0
1388,Mmp16,0.0015718475,0.0019259932,1039.0,1114.0
1389,Homer2,0.0013826856,0.0015126237,1108.0,1231.0
1390,Samd9l,0.0011423256,0.0018582228,1216.0,1128.0
1391,Them6,0.0009383568,0.001157802,1315.0,1349.0
1392,Unc13d,0.00037064243,0.0006590841,1662.0,1569.0
1393,Arhgap18,0.001724331,0.0026325015,978.0,938.0
1394,Cys1,0.0007302639,0.00083731936,1412.0,1487.0
1395,Nup210,0.00027492142,0.00027568403,1748.0,1817.0
1396,Ankrd44,0.0031083925,0.0033254728,522.0,772.0
1397,Ndrg2,0.0015819755,0.0020124775,1030.0,1098.0
1398,Gm8251,0.0004701311,0.00052051054,1593.0,1640.0
1399,Cutal,0.0003291009,0.00047427468,1691.0,1678.0
1400,Epha4,0.004810737,0.005867041,71.0,199.0
1401,Itm2b,0.0034586475,0.005294333,394.0,302.0
1402,Gm49380,0.00044144262,0.00067159435,1603.0,1563.0
1403,Tmie,0.00058430736,0.0006484488,1508.0,1579.0
1404,Pdgfc,0.0022725102,0.003728214,806.0,684.0
1405,Kcnk5,0.00070419465,0.000947471,1431.0,1432.0
1406,1700028J19Rik,0.0004287409,0.00043557826,1617.0,1696.0
1407,Rasgef1b,0.0028573507,0.0032860006,605.0,782.0
1408,Slc12a2,0.0036752587,0.0061325254,318.0,147.0
1409,Dlc1,0.0034570459,0.005187977,397.0,324.0
1410,Fgf1,0.0004223445,0.00058337906,1619.0,1606.0
1411,Tstd1,0.00027027482,0.00025270763,1752.0,1837.0
1412,Elovl7,0.0017210214,0.0019113736,979.0,1117.0
1413,1700056E22Rik,0.0005658053,0.0008276153,1518.0,1491.0
1414,Htra4,0.00096801465,0.0011583919,1303.0,1347.0
1415,Tcn2,0.0031762964,0.006065068,497.0,158.0
1416,Dennd3,0.0003601019,0.00038063095,1671.0,1725.0
1417,Itga10,0.0016293786,0.0022205869,1010.0,1034.0
1418,Pogk,0.002148166,0.003051402,850.0,833.0
1419,Ret,0.0012667348,0.0014555075,1154.0,1254.0
1420,Slc43a2,0.002284604,0.003127144,803.0,817.0
1421,Gzmm,0.0004791614,0.0005423791,1585.0,1631.0
1422,Tmc7,0.0014692056,0.0018525481,1073.0,1130.0
1423,Cav2,0.003375917,0.004574361,419.0,484.0
1424,Ddx43,0.0003265146,0.00038571347,1694.0,1722.0
1425,Trim30a,0.0009128854,0.0014424822,1330.0,1261.0
1426,Nfatc4,0.0027343368,0.0035457367,648.0,723.0
1427,Ablim1,0.0026650417,0.0042993757,670.0,549.0
1428,Ank2,0.0017155716,0.0026411386,981.0,936.0
1429,Zfp433,0.0009143044,0.0012727476,1329.0,1308.0
1430,Ccdc78,0.00058659574,0.0005717316,1501.0,1609.0
1431,Foxd2,0.00088138407,0.0012246608,1345.0,1322.0
1432,Gm10277,0.0005225672,0.00065354345,1554.0,1575.0
1433,C87436,0.001997805,0.0028620749,899.0,881.0
1434,Zfp503,0.0039965077,0.005979743,203.0,177.0
1435,Cers4,0.003590154,0.0046262345,354.0,471.0
1436,Aldh1b1,0.0006375585,0.001011979,1469.0,1400.0
1437,Svil,0.004107737,0.0061393175,171.0,144.0
1438,D030056L22Rik,0.0021692098,0.0029752136,843.0,850.0
1439,Kiss1r,0.00047635153,0.001079739,1587.0,1377.0
1440,Ldhd,0.00021547647,0.0002946075,1805.0,1802.0
1441,Emc1,0.0028636246,0.0048258547,603.0,411.0
1442,Tmem88b,0.00049227773,0.0006769681,1573.0,1560.0
1443,Morc4,0.0031242731,0.0043266146,515.0,542.0
1444,Lss,0.002136936,0.003055609,857.0,830.0
1445,Sema6a,0.0017988215,0.002339125,959.0,1005.0
1446,Cfap100,0.0014838421,0.0024622283,1069.0,976.0
1447,Agxt2,0.00038526783,0.0005599243,1654.0,1614.0
1448,Nav2,0.0030155247,0.004094614,552.0,605.0
1449,Metrnl,0.0028662845,0.0035778203,600.0,716.0
1450,Fhod3,0.0010579341,0.0014530495,1259.0,1256.0
1451,Hspa1b,0.0018447556,0.00258578,943.0,949.0
1452,Plekhg1,0.0010824435,0.0015901913,1246.0,1199.0
1453,Aldh1l1,0.0005246974,0.00065796176,1552.0,1570.0
1454,Trib1,0.002518219,0.0039301733,728.0,642.0
1455,Hmgcr,0.004421761,0.005523243,113.0,253.0
1456,Zbtb16,0.0025946032,0.0033954063,702.0,757.0
1457,Fas,0.0032109637,0.0045395233,487.0,492.0
1458,Mapk4,0.0006570856,0.0007729033,1458.0,1514.0
1459,Mras,0.0036114207,0.006174742,344.0,142.0
1460,Ptpn6,0.0006510866,0.00093265437,1463.0,1442.0
1461,Gstm2,0.0032094717,0.005699419,488.0,228.0
1462,Rangap1,0.0036053983,0.005111136,349.0,343.0
1463,Cyb561a3,0.0011018035,0.0012839626,1235.0,1305.0
1464,Trib2,0.0018593918,0.0027129068,938.0,918.0
1465,Nxph3,0.0011998354,0.0016494036,1187.0,1178.0
1466,Camk2n1,0.0033132841,0.0052850177,438.0,305.0
1467,Lif,0.0015496337,0.0027214733,1044.0,914.0
1468,Emp1,0.0046135136,0.0063969744,82.0,116.0
1469,Cgn,0.0013398485,0.0017849959,1127.0,1143.0
1470,Lgalsl,0.003829135,0.005432958,257.0,271.0
1471,Pbx3,0.002817834,0.0039120005,621.0,648.0
1472,Cep290,0.0037899537,0.0055474336,274.0,247.0
1473,Chst15,0.0027759115,0.0036785388,635.0,691.0
1474,Egr2,0.001079581,0.0013600269,1247.0,1282.0
1475,Abcg1,0.0008212037,0.001047274,1363.0,1388.0
1476,Tbxa2r,0.0010467444,0.0013184872,1264.0,1293.0
1477,Foxc1,0.0029673951,0.0030292158,567.0,837.0
1478,Arhgef39,0.00094133447,0.0009132102,1313.0,1449.0
1479,Nuak2,0.0019001403,0.0023690208,927.0,1001.0
1480,Tlr3,0.00073553115,0.0014741358,1409.0,1249.0
1481,Setbp1,0.0028127027,0.0038329423,625.0,661.0
1482,Tmem229b,0.00035011952,0.0005110461,1675.0,1651.0
1483,Zfp811,0.000935956,0.0018017745,1318.0,1140.0
1484,Osgin2,0.0018790257,0.0025343192,931.0,962.0
1485,Slc47a1,0.00017948936,0.00022816677,1843.0,1857.0
1486,Tnfrsf21,0.0012311604,0.001752097,1174.0,1151.0
1487,Id1,0.0047275038,0.0066583967,79.0,95.0
1488,Bend7,0.0010920559,0.0016169432,1239.0,1188.0
1489,Phlda2,0.001010166,0.0010164346,1282.0,1398.0
1490,Ephb6,0.0012055459,0.0014464679,1184.0,1259.0
1491,Auts2,0.0036384752,0.00497283,334.0,370.0
1492,Kif1a,0.0037944186,0.0049230587,270.0,388.0
1493,Cyp27a1,0.000525357,0.0005521717,1551.0,1622.0
1494,Thrb,0.0017810873,0.0021203659,968.0,1064.0
1495,Bcar3,0.00075079413,0.0012272462,1397.0,1320.0
1496,Tsc22d3,0.0033714203,0.004526453,420.0,495.0
1497,Pygl,0.0014472124,0.00216833,1080.0,1049.0
1498,Pip5k1b,0.0020671086,0.0027802992,878.0,905.0
1499,Klf4,0.0051442045,0.0067012995,52.0,91.0
1500,Cpe,0.0045910897,0.0065964675,87.0,99.0
1501,Lifr,0.0028443441,0.0042309375,610.0,565.0
1502,Pdp1,0.002174581,0.002835108,840.0,889.0
1503,Pcdh1,0.0016715404,0.0021181174,995.0,1067.0
1504,Shroom3,0.0017362206,0.002318661,974.0,1010.0
1505,Snai2,0.0037749421,0.004266952,282.0,553.0
1506,Tgfa,0.0014408493,0.002039462,1082.0,1092.0
1507,Nrp1,0.0040376945,0.0055395616,194.0,249.0
1508,Hoxa9,0.001962714,0.0027066185,908.0,921.0
1509,C77080,0.002127506,0.0034381836,859.0,743.0
1510,Cdkn2c,0.0015473153,0.002125915,1046.0,1062.0
1511,Fign,0.0006743174,0.0009539035,1447.0,1426.0
1512,Fzd6,0.0024115308,0.002940979,760.0,860.0
1513,Chrm1,0.00048962294,0.0009978036,1576.0,1406.0
1514,E2f1,0.0023470407,0.0034603463,784.0,740.0
1515,Pdzrn3,0.0028197954,0.0037426841,619.0,678.0
1516,Slc22a18,0.0011913679,0.0019318578,1195.0,1112.0
1517,Wwc1,0.0016553683,0.0023942543,999.0,993.0
1518,Ebp,0.0037497934,0.004957807,287.0,374.0
1519,Fgf11,0.00082346966,0.00083185703,1361.0,1488.0
1520,Ston2,0.0014099292,0.001910727,1096.0,1119.0
1521,Tollip,0.002384755,0.003645072,767.0,701.0
1522,Lpin1,0.0030781252,0.00493,537.0,382.0
1523,Srpk3,0.00028296933,0.00061610615,1738.0,1592.0
1524,Slc16a2,0.0013656582,0.0020143946,1114.0,1097.0
1525,Svop,0.0012335966,0.0015416503,1172.0,1213.0
1526,Msx1,0.0005848117,0.00054903893,1505.0,1625.0
1527,Amer1,0.003036287,0.004374462,546.0,533.0
1528,Rhou,0.0032123686,0.005802233,485.0,213.0
1529,Klf5,0.003705341,0.0064467746,309.0,110.0
1530,Gk,0.00173686,0.002764193,973.0,907.0
1531,Itga7,0.0009381471,0.0012684322,1316.0,1310.0
1532,Cd302,0.003951199,0.004468428,215.0,515.0
1533,Vamp5,0.0032730133,0.0055210628,454.0,254.0
1534,Pdgfrb,0.0033402313,0.005320321,433.0,298.0
1535,Ccdc88c,0.0015197062,0.0022849864,1061.0,1018.0
1536,Gsdme,0.0027871982,0.004288528,631.0,550.0
1537,Bmf,0.00092035206,0.00086319103,1325.0,1480.0
1538,Mtus1,0.0033453703,0.0041487217,432.0,589.0
1539,Camk2b,0.00043771128,0.0007312195,1608.0,1535.0
1540,Sema4g,0.001280839,0.002416134,1145.0,986.0
1541,Gramd1c,0.00046151679,0.0006823808,1597.0,1554.0
1542,Klf15,0.0010292275,0.0012805219,1271.0,1306.0
1543,Deptor,0.0015867726,0.0019770146,1027.0,1105.0
1544,Rab17,0.00063562236,0.00089550024,1471.0,1459.0
1545,Slc46a3,0.00050310785,0.0006913466,1563.0,1550.0
1546,Atpaf1,0.002771506,0.0039608097,637.0,634.0
1547,Tjp1,0.0040687826,0.004783234,186.0,429.0
1548,Nipal3,0.0014662461,0.0021376342,1075.0,1058.0
1549,Sema3b,0.0009094319,0.0011109038,1332.0,1368.0
1550,Tnfsfm13,0.0007339275,0.0010351769,1411.0,1392.0
1551,Dusp1,0.004368999,0.006229824,122.0,135.0
1552,Galnt7,0.002847099,0.0036424408,608.0,702.0
1553,Col5a1,0.0039503668,0.005375821,217.0,283.0
1554,Thbs3,0.0011769037,0.0015988796,1201.0,1195.0
1555,Myo7a,0.0006448885,0.00092499243,1465.0,1445.0
1556,Atf7,0.0033253965,0.0046044043,435.0,477.0
1557,Sh3d21,0.0015972534,0.0019497578,1022.0,1108.0
1558,Jade1,0.003381326,0.0052163554,418.0,319.0
1559,Atp9a,0.0026947996,0.003338679,661.0,766.0
1560,Slc24a3,0.0010482566,0.0015319336,1262.0,1219.0
1561,Vill,0.002357701,0.0042380225,781.0,563.0
1562,Tst,0.0015776502,0.0018694268,1035.0,1127.0
1563,Nrip3,0.0011934256,0.0013972446,1193.0,1273.0
1564,Tmem86a,0.0018145076,0.0030592033,951.0,829.0
1565,Zscan25,0.0013518638,0.0022524337,1118.0,1027.0
1566,Adnp,0.003035719,0.0036382827,547.0,705.0
1567,Fras1,0.0021408228,0.002313007,855.0,1012.0
1568,Ccp110,0.0027852552,0.004831881,632.0,409.0
1569,Scn1b,0.0034583437,0.0046047405,395.0,476.0
1570,Plekha6,0.0006629673,0.00066926325,1452.0,1564.0
1571,Abcb4,0.0007215342,0.0009606453,1420.0,1422.0
1572,Slc16a4,0.0016248237,0.0031194931,1014.0,819.0
1573,Abcg2,0.0036357862,0.004785656,336.0,425.0
1574,Spsb1,0.0028013883,0.0039576003,628.0,635.0
1575,Smim1,0.0036760336,0.0054765744,317.0,265.0
1576,Plxdc2,0.0041481103,0.0057328832,162.0,223.0
1577,St3gal4,0.0020603167,0.0029797864,885.0,848.0
1578,Psd3,0.0032486033,0.0045875804,472.0,480.0
1579,Plcb1,0.0014167421,0.0021393748,1089.0,1056.0
1580,Oas1c,0.00066114706,0.0008685264,1453.0,1475.0
1581,Gm42715,0.001260163,0.0018397836,1157.0,1131.0
1582,Sec14l5,0.00049539213,0.0006814125,1571.0,1556.0
1583,Cx3cl1,0.0010279429,0.0015945233,1272.0,1198.0
1584,Plk2,0.0045092823,0.0063166283,99.0,124.0
1585,Dapk1,0.0032503298,0.004454822,467.0,516.0
1586,Acsbg1,0.00043678217,0.00068254024,1610.0,1553.0
1587,Grhl1,0.00027744,0.00025797996,1743.0,1831.0
1588,Pfkfb4,0.0019759387,0.0028841759,903.0,873.0
1589,Plat,0.0039498066,0.005636975,218.0,235.0
1590,Sh3tc1,0.0007680593,0.0010421379,1390.0,1389.0
1591,Ctdspl,0.0030608498,0.0037887238,540.0,668.0
1592,Nr1i2,0.00043386343,0.00045908947,1613.0,1686.0
1593,Casp12,0.0014157193,0.002058145,1091.0,1086.0
1594,Gm20696,0.0016404741,0.002632519,1005.0,937.0
1595,Hsd17b7,0.0037231508,0.0047676284,298.0,434.0
1596,Ypel1,0.00075919024,0.0012425885,1393.0,1315.0
1597,Amn,0.000532703,0.0007984064,1546.0,1499.0
1598,Efnb1,0.0030009875,0.0041242004,557.0,595.0
1599,Rnf144b,0.00079449115,0.001128871,1381.0,1359.0
1600,Klf6,0.0037115898,0.00573462,304.0,222.0
1601,Abhd2,0.00433483,0.006847897,125.0,78.0
1602,Clcf1,0.0012195463,0.002007498,1178.0,1100.0
1603,mt-Co3,0.0034984997,0.005115852,381.0,341.0
1604,Rab39b,0.0012426586,0.0014519976,1166.0,1257.0
1605,Dok1,0.003044089,0.0038214626,545.0,662.0
1606,Sorbs1,0.004152349,0.005672347,161.0,230.0
1607,Ttc38,0.0015210455,0.0023886552,1060.0,996.0
1608,Cdnf,0.0006291606,0.0009675568,1476.0,1419.0
1609,Npas2,0.00021602791,0.0003167237,1804.0,1786.0
1610,Dusp6,0.0037361234,0.00513268,295.0,337.0
1611,H2-T23,0.0017262683,0.0031141103,977.0,821.0
1612,Rnf150,0.0026297935,0.003318134,684.0,775.0
1613,Axin2,0.0015750058,0.0025696235,1037.0,954.0
1614,Egr1,0.0037766385,0.0052008713,281.0,322.0
1615,Ppm1l,0.0021155681,0.0033513177,865.0,764.0
1616,A530084C06Rik,0.00048373078,0.00058740214,1581.0,1603.0
1617,Dnase2a,0.0026129412,0.004170683,692.0,582.0
1618,Flt4,0.0016517646,0.0021105553,1001.0,1069.0
1619,Rusc2,0.0034334564,0.0047137984,399.0,453.0
1620,St14,0.0006441303,0.00095258927,1466.0,1428.0
1621,Arrb2,0.0011970202,0.0014756764,1189.0,1248.0
1622,Trps1,0.003173036,0.00480136,498.0,418.0
1623,Mylip,0.0025397288,0.0037469843,719.0,676.0
1624,Prag1,0.0015245915,0.0024297,1055.0,984.0
1625,Pgm2l1,0.0019421038,0.0027048697,917.0,923.0
1626,Serinc5,0.0024593296,0.0032841635,746.0,784.0
1627,Mllt3,0.0032500094,0.0048636766,469.0,400.0
1628,Mcf2l,0.0004022792,0.00054530817,1637.0,1628.0
1629,Nphp3,0.001861592,0.0020642853,937.0,1083.0
1630,Alas1,0.0031228296,0.0046435017,516.0,467.0
1631,Creb3l2,0.0042496235,0.0059633045,143.0,184.0
1632,Cacna2d1,0.0030960536,0.0042465366,527.0,561.0
1633,Robo1,0.002357736,0.0031871316,780.0,805.0
1634,Slc25a53,0.0011055239,0.0017937544,1233.0,1141.0
1635,Vkorc1,0.004319943,0.005910957,128.0,188.0
1636,Rplp1,0.0040795,0.005833336,181.0,208.0
1637,Adgrl2,0.0036792932,0.005993167,315.0,171.0
1638,B4galnt1,0.0022010284,0.002934124,832.0,863.0
1639,Jade2,0.002061267,0.0025803507,883.0,951.0
1640,Plcl2,0.0009765394,0.0010042037,1298.0,1404.0
1641,Pros1,0.0032866765,0.0051178657,448.0,340.0
1642,Ribc1,0.0009355519,0.000753681,1319.0,1523.0
1643,Hspa4l,0.002880823,0.0045842766,593.0,482.0
1644,Nr1d1,0.0016265516,0.0020931927,1013.0,1075.0
1645,Pitpnc1,0.0026427945,0.003351422,678.0,763.0
1646,Gmds,0.0023030716,0.0034201315,797.0,751.0
1647,Stard4,0.0022719586,0.003938777,807.0,638.0
1648,Itpr2,0.0028610218,0.0033345108,604.0,768.0
1649,Gramd1b,0.00078918325,0.0014547498,1382.0,1255.0
1650,Ppp1r3b,0.0011391909,0.0014601691,1217.0,1252.0
1651,Fgfr2,0.0019723505,0.002854426,905.0,884.0
1652,Sec16b,0.0007220068,0.0013475044,1419.0,1286.0
1653,Arhgap31,0.0036263573,0.004498858,338.0,506.0
1654,Gm14327,0.0011739046,0.0013551244,1204.0,1283.0
1655,Gale,0.0015419129,0.0022840828,1048.0,1019.0
1656,Cbln3,0.0006563331,0.0009563924,1460.0,1424.0
1657,2310030G06Rik,0.002092054,0.0026714709,873.0,927.0
1658,Bmyc,0.0033940282,0.004935392,413.0,379.0
1659,Colq,0.0006241841,0.000814782,1479.0,1494.0
1660,Agbl3,0.0020627647,0.003186477,880.0,807.0
1661,Skida1,0.0007682519,0.0012128911,1389.0,1326.0
1662,Prelid3a,0.0014532267,0.00215774,1077.0,1052.0
1663,Reep1,0.0011498306,0.0017024282,1212.0,1160.0
1664,Eva1c,0.002115384,0.002543262,866.0,959.0
1665,Mex3b,0.0021737316,0.0023926499,841.0,994.0
1666,Foxred2,0.00077565335,0.0012029227,1385.0,1329.0
1667,Rdh5,0.0012382655,0.0016334518,1168.0,1184.0
1668,Actb,0.008934131,0.011008117,4.0,11.0
1669,Il4ra,0.002064242,0.0028994917,879.0,870.0
1670,Nsdhl,0.0028689208,0.0039625484,599.0,633.0
1671,Fah,0.0031263416,0.0039628837,514.0,632.0
1672,Xpnpep1,0.003414495,0.005101025,405.0,346.0
1673,Dgat2,0.0009278757,0.0012733056,1322.0,1307.0
1674,Arhgef3,0.00032912247,0.00050841743,1690.0,1652.0
1675,Hhat,0.0017268776,0.0027954483,976.0,903.0
1676,Fosl2,0.003823142,0.0046230666,259.0,472.0
1677,Il18bp,0.0006224779,0.00081997295,1481.0,1493.0
1678,Pim3,0.003008817,0.0044218893,554.0,526.0
1679,Arrdc3,0.002748262,0.0033299113,640.0,770.0
1680,Zfp53,0.002286102,0.0040666894,802.0,611.0
1681,Fam187b,0.0009375641,0.001420724,1317.0,1266.0
1682,Socs3,0.0027726751,0.0036571482,636.0,696.0
1683,Tmtc4,0.0025824723,0.0040661735,706.0,612.0
1684,Efna1,0.00062015577,0.00080557493,1484.0,1497.0
1685,Zfp521,0.0018928259,0.0027093962,928.0,919.0
1686,Adam12,0.0031166626,0.0053612115,517.0,287.0
1687,Gpr155,0.0012837739,0.0012981397,1141.0,1300.0
1688,Serac1,0.001331852,0.0015278865,1132.0,1221.0
1689,Gm7694,0.0010871097,0.0013688338,1244.0,1278.0
1690,Nedd4l,0.0021569186,0.003214922,847.0,798.0
1691,Hspa12a,0.0018267919,0.0026591541,946.0,930.0
1692,Abcc3,0.0010560802,0.0015180967,1261.0,1229.0
1693,Pmm1,0.004321518,0.005975963,127.0,179.0
1694,Golim4,0.003913182,0.005523552,229.0,252.0
1695,Mst1r,0.0010302577,0.0013426925,1270.0,1287.0
1696,Pea15a,0.0036216318,0.0052074883,339.0,321.0
1697,Dhcr24,0.0035119986,0.0058036316,376.0,212.0
1698,Mfsd6,0.0013528052,0.001505486,1117.0,1235.0
1699,Mn1,0.0021687015,0.0027962434,844.0,902.0
1700,Dok6,0.001153441,0.0015735718,1211.0,1204.0
1701,Rin2,0.0028160533,0.0038350993,622.0,660.0
1702,Slc25a23,0.0015812073,0.0024666751,1032.0,975.0
1703,Emp2,0.003652716,0.00554998,327.0,246.0
1704,Fstl1,0.0036717749,0.00542944,320.0,272.0
1705,Mgat4a,0.0011384482,0.001698609,1219.0,1162.0
1706,Dgkh,0.0031952222,0.004222537,492.0,567.0
1707,Usp2,0.0021210276,0.0034828566,863.0,734.0
1708,Fdft1,0.0033502474,0.0053937244,430.0,282.0
1709,Wdr27,0.001398335,0.0020088477,1103.0,1099.0
1710,Gpr146,0.00072824897,0.0011260324,1416.0,1362.0
1711,Reck,0.0025437009,0.0035104123,717.0,730.0
1712,Ypel2,0.002430099,0.0031989284,754.0,801.0
1713,Zc2hc1c,0.0016904601,0.002456803,984.0,979.0
1714,Meis1,0.0032492948,0.0049426826,470.0,377.0
1715,Antxr1,0.0035672814,0.004742532,363.0,440.0
1716,Cap2,0.0015624393,0.00269838,1043.0,924.0
1717,Exoc6,0.0013485043,0.0020785143,1121.0,1080.0
1718,Nrbp2,0.0011467438,0.0014098373,1213.0,1272.0
1719,Pik3r1,0.0037176302,0.006017017,302.0,168.0
1720,Eya2,0.0012274298,0.0019350157,1175.0,1111.0
1721,Slc7a7,0.0005711742,0.00077725237,1515.0,1510.0
1722,Klf10,0.0023904121,0.003395134,765.0,758.0
1723,St3gal5,0.0032358945,0.0043209987,481.0,545.0
1724,Nr1h3,0.0013537273,0.0015240726,1116.0,1223.0
1725,Jak3,0.0010758777,0.0015037229,1251.0,1236.0
1726,Myo10,0.0036103388,0.0046024537,348.0,478.0
1727,Hsd17b11,0.003025317,0.0052282442,550.0,316.0
1728,Mob3b,0.0012688063,0.0016503439,1153.0,1177.0
1729,Cgnl1,0.0032661099,0.0043935496,457.0,529.0
1730,Fam53b,0.0022004517,0.002934374,833.0,861.0
1731,Trp53inp1,0.0043413825,0.008667848,124.0,30.0
1732,Fam43a,0.0028060686,0.003860307,627.0,655.0
1733,Nbeal2,0.0004797495,0.0005407141,1584.0,1632.0
1734,Tsku,0.0019334094,0.0027198324,919.0,915.0
1735,Jcad,0.0028155108,0.0041341605,623.0,592.0
1736,Hif3a,0.001677398,0.0017919877,992.0,1142.0
1737,Macrod2,0.0018131194,0.0023033232,953.0,1014.0
1738,Reps2,0.0010151726,0.0017145025,1280.0,1156.0
1739,Slc2a12,0.00073769427,0.00084852154,1405.0,1484.0
1740,Map3k15,0.0013458006,0.0019767783,1122.0,1106.0
1741,Als2cl,0.0012744765,0.0025395893,1151.0,960.0
1742,Llgl2,0.0021472608,0.0030984594,851.0,824.0
1743,Oxr1,0.0036662968,0.005893135,322.0,191.0
1744,Rnase4,0.0038857656,0.0050414414,243.0,358.0
1745,Frk,0.0017116475,0.0021506608,982.0,1054.0
1746,Txnip,0.003788841,0.0065429043,275.0,102.0
1747,Atxn7l1,0.0023315456,0.0028651983,790.0,880.0
1748,Paqr8,0.0016210399,0.0022679984,1018.0,1020.0
1749,Pik3ip1,0.0032615054,0.0044223294,461.0,525.0
1750,Col11a2,0.00047041805,0.00037328154,1592.0,1730.0
1751,Sumo3,0.0039561284,0.0051735085,213.0,327.0
1752,Zfp287,0.001515212,0.0019058905,1063.0,1120.0
1753,Egfr,0.0032636405,0.004674158,459.0,461.0
1754,Tob1,0.0039239405,0.0054845875,226.0,261.0
1755,Slc35a3,0.0025326419,0.0030253667,722.0,839.0
1756,Abcc5,0.0042249877,0.0048318086,150.0,410.0
1757,Sox4,0.0037201035,0.0049239616,300.0,386.0
1758,Nampt,0.0026588836,0.0036858632,672.0,690.0
1759,Papss2,0.0017931458,0.0025995704,961.0,946.0
1760,Ccnd2,0.0041626585,0.0061331177,160.0,146.0
1761,Ifnlr1,0.0007604084,0.0010097913,1392.0,1402.0
1762,Ldlr,0.003386107,0.004993001,414.0,364.0
1763,Cplx2,0.0019565714,0.0025589608,912.0,956.0
1764,Phldb3,0.0007207345,0.0011334972,1423.0,1357.0
1765,Abat,0.0032524879,0.004506,465.0,504.0
1766,Ppp1r12b,0.0031837877,0.004659451,495.0,465.0
1767,Zfp469,0.0008925812,0.0011768779,1339.0,1340.0
1768,Junb,0.0045287255,0.0059710713,95.0,182.0
1769,Zfp36l1,0.0038583968,0.0059721754,247.0,181.0
1770,Camsap3,0.0009906592,0.0014883731,1296.0,1241.0
1771,Cnksr3,0.0013002009,0.0019488602,1137.0,1109.0
1772,Lrrc75a,0.0013607964,0.002234109,1115.0,1028.0
1773,Rora,0.003250185,0.004076012,468.0,610.0
1774,Nfkbiz,0.002437659,0.0039648092,751.0,631.0
1775,Cbx7,0.0004554959,0.00065242924,1598.0,1577.0
1776,Slc2a9,0.0027039214,0.0028369268,658.0,888.0
1777,Marcks,0.00353937,0.0049731852,368.0,368.0
1778,Shpk,0.001095692,0.0011936282,1238.0,1332.0
1779,Cnnm2,0.0015739969,0.002181642,1038.0,1044.0
1780,Amigo3,0.0005843838,0.00093897566,1507.0,1436.0
1781,Greb1l,0.000953193,0.0016909338,1309.0,1166.0
1782,Qsox1,0.0036993858,0.005351388,310.0,290.0
1783,Pik3r3,0.0022209932,0.003417462,825.0,754.0
1784,Rhob,0.00404611,0.0052672564,191.0,308.0
1785,Slc25a35,0.0011212467,0.001645707,1225.0,1181.0
1786,Enpp4,0.0017502219,0.0023946015,972.0,992.0
1787,Zfp36l2,0.0035860292,0.005514802,355.0,258.0
1788,Man1c1,0.002058652,0.0028204664,886.0,893.0
1789,Sqle,0.0032488802,0.004441422,471.0,521.0
1790,Klf12,0.0014113766,0.0019248504,1095.0,1115.0
1791,Per2,0.0011014091,0.0014371643,1236.0,1262.0
1792,Tbc1d8,0.0020097457,0.0029427996,896.0,859.0
1793,Cacna1a,0.002896415,0.0039920784,591.0,628.0
1794,Tle4,0.0026409603,0.004881524,679.0,396.0
1795,Adamtsl5,0.0021372843,0.0025389246,856.0,961.0
1796,Dnajc28,0.0010277228,0.0014872313,1273.0,1242.0
1797,Tmem41a,0.002577709,0.0038191525,708.0,664.0
1798,Cpeb3,0.001279611,0.0016304336,1147.0,1185.0
1799,Thra,0.0034303644,0.0047324216,401.0,443.0
1800,Trim2,0.0021872595,0.002521268,839.0,963.0
1801,Ak3,0.0036831636,0.0048621017,314.0,401.0
1802,F8,0.0009045022,0.0015963404,1336.0,1197.0
1803,F11r,0.0033338105,0.004438006,434.0,522.0
1804,Zfp568,0.0029344768,0.0041982005,578.0,574.0
1805,Ermp1,0.002298116,0.0033186674,798.0,774.0
1806,Esrp2,0.0012046621,0.0017317787,1185.0,1153.0
1807,B4galt5,0.0017036215,0.0023041368,983.0,1013.0
1808,Stard13,0.0026380122,0.0034281604,681.0,748.0
1809,Ppip5k1,0.0018118911,0.0027060288,955.0,922.0
1810,Fam222a,0.0005318614,0.0005600875,1547.0,1613.0
1811,Madd,0.00079701067,0.0011879489,1378.0,1334.0
1812,Runx1,0.0032731774,0.0049182903,453.0,390.0
1813,Ldlrad3,0.0020943792,0.0024714398,871.0,974.0
1814,Rbm38,0.0019198208,0.0026537979,920.0,931.0
1815,Pik3c2b,0.0009258667,0.0011020384,1323.0,1370.0
1816,Slc22a5,0.0005349958,0.0007065386,1544.0,1544.0
1817,Urb2,0.0014528706,0.0018569748,1078.0,1129.0
1818,Lynx1,0.0021554136,0.0024892744,848.0,970.0
1819,Tead4,0.0013412542,0.0020624625,1126.0,1084.0
1820,C1qtnf6,0.0020419552,0.0029860756,890.0,844.0
1821,Erlin1,0.0025138909,0.0035588264,730.0,722.0
1822,Gpr19,0.0005650473,0.0011966611,1519.0,1331.0
1823,Ier2,0.0044805454,0.0062234807,105.0,136.0
1824,Tmco4,0.0011936222,0.0014806673,1191.0,1246.0
1825,Lipe,0.00084480003,0.0009444864,1356.0,1434.0
1826,Sun2,0.0026621136,0.003719756,671.0,685.0
1827,Zfp36,0.00348598,0.0049226778,384.0,389.0
1828,Arhgap42,0.0039580124,0.0056071,212.0,243.0
1829,Fbxo10,0.0011183905,0.0015682403,1227.0,1206.0
1830,Herpud1,0.0034032464,0.0052430294,408.0,314.0
1831,Pdk2,0.0011430595,0.0015698391,1214.0,1205.0
1832,Shb,0.002468193,0.003417624,744.0,753.0
1833,Igdcc4,0.0025983753,0.00360256,699.0,710.0
1834,Trim24,0.004090633,0.0061163665,176.0,151.0
1835,Yod1,0.0020721853,0.002714896,876.0,917.0
1836,Asb13,0.0014002759,0.00213859,1101.0,1057.0
1837,Cpd,0.0038997957,0.0055465526,238.0,248.0
1838,Mgat3,0.0021363392,0.0030388185,858.0,836.0
1839,Carmil1,0.002143586,0.0029183803,853.0,865.0
1840,Ets2,0.0031341154,0.0044095307,513.0,527.0
1841,Ankrd9,0.0018751568,0.002722752,932.0,913.0
1842,Plekhf2,0.0021526488,0.0029806204,849.0,846.0
1843,Scamp5,0.0019142255,0.0027445308,922.0,910.0
1844,Pnpo,0.0018713245,0.0025062563,934.0,968.0
1845,Vamp8,0.0037214567,0.0057048462,299.0,227.0
1846,Clcn3,0.0026394757,0.0041271965,680.0,594.0
1847,Ddit4,0.0032481016,0.004859618,474.0,403.0
1848,Lamb2,0.0039084638,0.0049786605,232.0,366.0
1849,Ccdc71l,0.0023683468,0.00315788,773.0,812.0
1850,Crim1,0.0038853223,0.0072225425,244.0,65.0
1851,Gm2a,0.0029930251,0.0045192135,559.0,498.0
1852,Gcnt2,0.0030532747,0.0046918257,542.0,459.0
1853,Sik1,0.002609614,0.003475528,698.0,736.0
1854,Ssh2,0.0027169774,0.003839969,653.0,659.0
1855,Fads2,0.0013426259,0.00182167,1125.0,1135.0
1856,Kdm7a,0.0029031686,0.004146069,588.0,590.0
1857,Aldh6a1,0.0019624517,0.0025966724,909.0,947.0
1858,Colgalt1,0.004081951,0.0061126202,179.0,152.0
1859,Lyst,0.0032390293,0.0051450175,477.0,334.0
1860,Plag1,0.0018118994,0.002415957,954.0,987.0
1861,Ick,0.0025543019,0.0034882114,713.0,733.0
1862,Pkp4,0.0025208192,0.0032013408,727.0,800.0
1863,Tmem87a,0.0030466097,0.0046697063,543.0,462.0
1864,Ptges,0.0037113973,0.004787295,305.0,424.0
1865,Abcc10,0.00096378004,0.0011316581,1304.0,1358.0
1866,Mfsd12,0.0011738058,0.0016646939,1205.0,1173.0
1867,H6pd,0.0035784743,0.004547572,358.0,491.0
1868,Malt1,0.0013986505,0.001999839,1102.0,1101.0
1869,Idh1,0.0045724986,0.0066423253,89.0,96.0
1870,Gramd4,0.0025756867,0.0035158447,709.0,729.0
1871,Prkag2,0.0022443593,0.0035959703,816.0,711.0
1872,Tmtc3,0.0040089544,0.0065272115,199.0,103.0
1873,Fkbp5,0.004105015,0.006125243,172.0,149.0
1874,Ly6e,0.0045853816,0.005760014,88.0,218.0
1875,Cnnm4,0.0013719611,0.0020427394,1111.0,1091.0
1876,Irs1,0.0028397613,0.003931358,613.0,641.0
1877,Vwa8,0.0025018053,0.0034360322,735.0,744.0
1878,Jarid2,0.0024784582,0.0042098043,742.0,571.0
1879,Lpar6,0.0028140557,0.004191415,624.0,577.0
1880,Slc8b1,0.001126603,0.0019295806,1222.0,1113.0
1881,Slc36a1,0.0015079672,0.0021285934,1066.0,1060.0
1882,Rictor,0.0037188565,0.005115464,301.0,342.0
1883,Sel1l,0.0043813763,0.005978569,119.0,178.0
1884,Mvk,0.0031354127,0.004562095,512.0,486.0
1885,Nedd9,0.003362495,0.006252053,424.0,132.0
1886,Plagl2,0.0022239257,0.003423164,822.0,750.0
1887,Trp53inp2,0.0033103526,0.0047220197,443.0,448.0
1888,Fam214a,0.0024937533,0.00358159,739.0,715.0
1889,Slc1a4,0.0026651514,0.003566262,669.0,720.0
1890,Pdcd4,0.00479767,0.0069545675,73.0,75.0
1891,Klhl24,0.003790203,0.006272005,273.0,129.0
1892,Lrp6,0.0033995118,0.004740868,409.0,441.0
1893,Tcf7l2,0.0035985073,0.005293408,350.0,303.0
1894,Wdr19,0.0016551286,0.0024805476,1000.0,972.0
1895,Zfp608,0.003236969,0.0043129753,480.0,546.0
1896,Stk35,0.002820593,0.0034191958,618.0,752.0
1897,Osmr,0.0037968897,0.005612897,266.0,241.0
1898,Fbxl4,0.001946347,0.0025455726,916.0,958.0
1899,Thnsl1,0.001660552,0.002209071,998.0,1037.0
1900,Ptk7,0.0032564884,0.005442306,463.0,270.0
1901,Eda2r,0.003504951,0.0047183516,380.0,451.0
1902,Trmt2a,0.0024043703,0.0031441653,761.0,816.0
1903,Tmem64,0.0029642836,0.0038986278,568.0,651.0
1904,Zdhhc9,0.0029318035,0.004078784,580.0,608.0
1905,Agpat4,0.003595398,0.00523141,352.0,315.0
1906,Akap13,0.0038175338,0.005664059,261.0,233.0
1907,Sort1,0.0024594322,0.0034312939,745.0,747.0
1908,Snap47,0.0040441095,0.005804507,192.0,211.0
1909,Map4k3,0.0031937652,0.0051481505,493.0,332.0
1910,Scrn3,0.0026126273,0.003972303,694.0,630.0
1911,Sepsecs,0.0015974073,0.0022622566,1021.0,1025.0
1912,Ece1,0.0038346574,0.006108237,253.0,153.0
1913,Tsc22d1,0.003776649,0.0058479034,280.0,203.0
1914,Ikbkg,0.0027258364,0.003928352,651.0,644.0
1915,Nfia,0.003644869,0.005136041,331.0,336.0
1916,Peli1,0.0026296217,0.004219338,685.0,568.0
1917,Tef,0.002534046,0.0039222287,720.0,645.0
1918,Slc30a1,0.0021924127,0.003173632,838.0,810.0
1919,Efnb2,0.0040261564,0.0064249863,196.0,111.0
1920,Scd2,0.0033671465,0.0056065936,422.0,244.0
1921,Foxp4,0.0028692205,0.004047187,598.0,619.0
1922,Amotl2,0.004074429,0.0054117204,182.0,279.0
1923,Agap1,0.0037485596,0.0061027287,290.0,154.0
1924,Lpgat1,0.0036529175,0.0052176933,326.0,317.0
1925,Ppp6r1,0.0033506167,0.0047736038,429.0,433.0
1926,Gria3,0.0032940859,0.00513638,447.0,335.0
1927,Scarf2,0.0032007343,0.004173672,490.0,581.0
1928,Dag1,0.0034189955,0.005173618,404.0,326.0
1929,Agrn,0.0030963232,0.0041108513,526.0,599.0
1930,Tns3,0.003280685,0.0048518963,450.0,404.0
1931,Vav2,0.003261876,0.004076654,460.0,609.0
1932,Mindy2,0.0032118924,0.004814172,486.0,413.0
1933,Cdc34,0.0037233634,0.0054196403,297.0,275.0
1934,Lasp1,0.0040565147,0.006206086,188.0,139.0
1935,Atp6v1b2,0.00294916,0.0037707228,574.0,674.0
1936,Nfat5,0.0038992262,0.0053746067,239.0,284.0
1937,Susd6,0.0037958026,0.0049358224,268.0,378.0
1938,Zcchc24,0.0036107823,0.004757217,347.0,438.0
1939,mt-Nd4,0.0033228174,0.003952154,436.0,637.0
1940,mt-Co1,0.004279526,0.005896901,138.0,189.0
1941,Pkd1,0.0031597305,0.004622797,502.0,473.0
1942,Por,0.003649633,0.004971079,328.0,371.0
1943,Tbl1xr1,0.0031378018,0.0044319206,509.0,524.0
1944,Mapkapk2,0.0034572314,0.0044918233,396.0,508.0
1945,B4galt1,0.0039102538,0.006581011,231.0,100.0
1946,Ly6d,0.00019462821,0.0006530258,1826.0,1576.0
1947,Sftpd,0.00013727782,0.00036663373,1890.0,1737.0
1948,F10,0.0009148747,0.004197318,1328.0,575.0
1949,Treh,1.04012515e-05,9.660933e-05,1955.0,1939.0
1950,Sst,0.00012608734,0.00037919,1902.0,1726.0
1951,Cdh22,0.00012589271,0.00055307784,1903.0,1621.0
1952,Acsm2,0.00012100425,0.00040183286,1906.0,1715.0
1953,Sftpa1,0.00013710534,0.00033154656,1891.0,1771.0
1954,Traj27,0.00018178798,0.00019192725,1841.0,1890.0
1955,Tnfrsf17,0.0010173543,0.0067296647,1279.0,84.0
1956,Gm13287,0.00037181572,0.00037259088,1661.0,1732.0
1957,Gm21028,0.00016390963,0.0005123482,1861.0,1648.0
1958,Lrrc26,0.00022166982,0.0021725884,1793.0,1047.0
1959,Lsmem2,0.00014085193,0.0002549474,1886.0,1834.0
