,pvalue,R2
Gata2,0,0.82268191697356
Slc7a8,0,0.725669632285802
Lgals1,0,0.723435797338992
Slc3a2,0,0.716672605567483
Akr1c13,0,0.684933034349809
Gda,0,0.68225834002749
Mpp1,0,0.651629879678148
Fcer1g,0,0.650171315584171
Il1rl1,0,0.643121361876497
Gsr,0,0.641917268549587
Plac8,0,0.630697989737811
Msrb1,0,0.628961342963475
Srgn,0,0.628273189733802
Hp,0,0.624460916442994
Sgms2,0,0.615376374915719
Rps27rt,0,0.610538333729266
Sqstm1,0,0.605544197719617
Synpr,0,0.589404927926145
P2ry1,0,0.589069826519328
Serpinb1a,0,0.588066111865593
Rab27b,0,0.583314591789146
Serpina3g,0,0.576795482181754
Crip1,0,0.575171673450068
Padi2,0,0.575092859230175
Cd200r4,0,0.574547896420638
Csf2rb,0,0.573589963183421
Tmem108,0,0.57132504730254
Gsn,0,0.569236599147924
Anxa6,0,0.56741265088133
Arhgap6,0,0.566221923016159
Inpp4b,0,0.560478392622688
Tmem9,0,0.558804998949521
Ckap4,0,0.550790080998519
Slc6a9,0,0.549325870302225
Rgs18,0,0.549074688374955
Ms4a3,0,0.547974539212281
Ffar2,0,0.546543830599529
Cd200r3,0,0.544258471227768
Mgst1,0,0.541805301321266
S100a6,0,0.540021016343982
Ikzf2,0,0.540013849067837
S100a11,0,0.53387791314058
Cd44,0,0.532998799644335
Slc41a3,0,0.526406251905453
Xirp2,0,0.5260888840264
Ctla2a,0,0.522264709548919
Slc18a2,0,0.522020734111128
Prdx5,0,0.517510778294341
Itga6,0,0.51672914495991
Sun2,0,0.516468667148218
Olfml2b,0,0.51591007930662
Optc,0,0.514846695633965
Prkca,0,0.514306180550729
Gnb4,0,0.511376592714375
Cpa3,0,0.508319973534631
Spred1,0,0.507247885902832
Ptprg,0,0.506132986278046
Procr,0,0.504126682770266
Cebpb,0,0.500807224059918
Ptprcap,0,0.500486528077245
Nrip3,0,0.500052151299247
Mgst2,0,0.499181263749138
Ptp4a3,0,0.499004344680401
Igfbp7,0,0.498095579804753
Lat2,0,0.49627494319439
Anxa2,0,0.495152430655304
Id2,0,0.493448646592032
Adgra2,0,0.491389598618895
Ssmem1,0,0.491014268216643
Lilrb4a,0,0.48939586694853
Cxcl10,0,0.487749619966996
Mast4,0,0.485328834413817
Tmem123,0,0.484308016763563
Pgbd5,0,0.483822736917968
Cd52,0,0.482720407262933
Ptms,0,0.48233298053565
Lmna,0,0.480839864057404
Cdkn1a,0,0.477494945057528
Tpd52,0,0.472140864359591
Etv5,0,0.472113674670892
Gfi1b,0,0.471849625030138
Basp1,0,0.468459636832984
Adgrg1,0,0.46772649531252
1700123M08Rik,0,0.46701628473046
Perp,0,0.464190997502584
Atp1b3,0,0.462587654605185
Akr1c12,0,0.461564524305524
Pygl,0,0.46142884109018
Tpm4,0,0.461323335954254
Hgf,0,0.460771036102268
Tssk3,0,0.460703129961661
Eno1b,0,0.460634757052978
Cd300c2,0,0.460580199552241
Rgs1,0,0.460039820013515
Prtn3,0,0.458431737641248
Stxbp6,0,0.457756606418293
Plagl1,0,0.456431705773443
Spns2,0,0.454516823655397
Klhdc9,0,0.4542382265501
Tbc1d8,0,0.454208112466525
H2afy,0,0.453653771829788
Set,0,0.45353962219388
Cttn,0,0.45286455258901
Klf6,0,0.452615442069031
Emilin2,0,0.452345632514617
Grn,0,0.449766849420897
Ccl3,0,0.448116472809941
Fam198b,0,0.446884559254894
Ndst2,0,0.44681702021443
Fyn,0,0.445922743328314
Mboat1,0,0.445355733571223
Tln2,0,0.445028085991822
Slc7a5,0,0.442960013351767
Lipg,0,0.441363077678812
P2ry14,0,0.440757416849527
Mcemp1,0,0.440265949558385
Hsd11b1,0,0.439625226135358
Abhd6,0,0.438757537453515
Hoxb7,0,0.438178873088433
Mmp3,0,0.438031715533362
Btc,0,0.437076351347391
Adgre5,0,0.436781606553476
Rab38,0,0.436482043640023
Gm13645,0,0.434531682440457
Lyz2,0,0.433660304560765
Stac3,0,0.433457569779555
Aqp9,0,0.43060455604451
Ly6c2,0,0.429957116198046
Plxdc2,0,0.428831204758188
Cd244,0,0.428518689404122
Prok2,0,0.42706793823919
S100a8,0,0.425469542732376
Klrb1c,0,0.424699040190731
Olfr1489,0,0.424699040190731
Ttc39b,0,0.423738776080147
Aldh2,0,0.423406656950764
Accsl,0,0.422445040450147
Zc3h12b,0,0.422363591182844
Gm5415,0,0.422107000548928
Hdc,0,0.420457166963056
Hmgn3,0,0.420331659689047
Axin2,0,0.420125428496958
Sh3bp5,0,0.41990510892287
Nfkbia,0,0.418838164207131
Clec4a2,0,0.418164687123279
Ly6i,0,0.417720696740489
Gzmb,0,0.416958045933537
Pdlim7,0,0.416897731032326
Irf8,0,0.41652135001835
Col4a1,0,0.41571661971439
Tcfl5,0,0.410198897126372
Scin,0,0.40996313028979
Lsp1,0,0.408237562049814
Prelp,0,0.408084952383021
F730035M05Rik,0,0.407838935542558
Samd14,0,0.407726910987976
Anxa1,0,0.407711744576862
Tnip3,0,0.407641354300633
5033403F01Rik,0,0.406530779098678
Sell,0,0.406363661458644
Eya2,0,0.405816195146245
Gm13544,0,0.405390712910482
Zfp108,0,0.405018443556482
Tmem64,0,0.404991701043183
Sept5,0,0.404964202991714
Socs1,0,0.404905536710189
Vcl,0,0.404587561542892
Shtn1,0,0.404048937918654
Slco1b2,0,0.403729555454804
Tecpr1,0,0.403536987926354
Rab37,0,0.403382550359479
Ifi203,0,0.403117732106021
Shb,0,0.402912284721773
Sepw1,0,0.402770018130455
Il12rb1,0,0.401686159604611
Sept8,0,0.40106905559895
Prr13,0,0.399468792055555
Gmpr,0,0.399378930966217
Il6ra,0,0.399363261323736
Ndst1,0,0.399106306122388
Krt81,0,0.399080899840465
Ppm1n,0,0.399080899840464
Sema4c,0,0.3987519346262
Reep1,0,0.398366884352152
Cst3,0,0.398357813323596
Fgr,0,0.39827615602036
Ak1,0,0.397302505610275
Bcl3,0,0.396535803417363
Myadm,0,0.396295432887783
Smpdl3a,0,0.396046732430382
Fhad1,0,0.395118160648118
BB365896,0,0.394985100833233
Gas5,0,0.39451661656014
Slc2a3,0,0.394490229164258
Hcn4,0,0.394047295764894
F10,0,0.39364231391587
Psd,0,0.393526379975264
Cetn4,0,0.393362557848332
S100a9,0,0.392755319488835
Gch1,0,0.392156305600357
Zfpm1,0,0.391991171160371
Gm11413,0,0.3917107299558
F7,0,0.391467949852681
Rassf4,0,0.389157440326502
Klhl6,0,0.388912748314182
Kcne1,0,0.388749671692403
Trim30a,0,0.388439539139854
Mt1,0,0.387995188626699
Cacna1h,0,0.387806004802277
Cd9,0,0.387719282290002
Gm17655,0,0.387387278530806
Akap2,0,0.386859837373817
Ttll13,0,0.386608517886393
Ctsg,0,0.385001020614325
Runx3,0,0.38347448196995
Ccr1,0,0.383126582573035
Hsh2d,0,0.382455875783636
Gm14091,0,0.382048987288059
Scx,0,0.381677126100938
Cldn11,0,0.381469005438788
Vsir,0,0.381156831705334
Gm15873,0,0.380951445860763
Cd160,0,0.380626717861864
2210010C04Rik,0,0.380247676263234
Zfp827,0,0.37998151939637
Pla2g2f,0,0.379917801386997
Id4,0,0.379917801386996
Gprasp2,0,0.379453424953501
Gnat1,0,0.377569310992943
Havcr2,0,0.37681732413524
Zdhhc15,0,0.376572503197898
Gm26544,0,0.376565723293095
Fam19a1,0,0.376166758732322
Ifi205,0,0.37568255411943
Vmn1r180,0,0.375682554119428
Serpina5,0,0.375682554119428
Olfr610,0,0.375464135012358
Vwa5a,0,0.375368475089142
Serpine1,0,0.373482148348203
Col18a1,0,0.373456255554282
Otub2,0,0.373208594506132
Sucnr1,0,0.373118594373579
Ifit2,0,0.372790276169566
Mpp4,0,0.371677132469932
Tmsb4x,0,0.371489478543397
Npr2,0,0.37020610025416
Ets1,0,0.369699741733737
Mt2,0,0.369191366418184
Adam19,0,0.368720828352965
Spesp1,0,0.368169728474281
Pirb,0,0.367799049644448
Gfral,0,0.367704477965009
Il6st,0,0.367419778711544
Misp,0,0.36695400210723
Cidea,0,0.366523824009113
Serpinb9b,0,0.365816014293367
Zfp697,0,0.365804473571743
Gem,0,0.365707435367629
Brsk2,0,0.364942574598938
Tmem86a,0,0.364805494964479
Cd93,0,0.364782438426429
Slco2b1,0,0.36454738655509
Gm12830,0,0.364443702198614
Dok7,0,0.364209936156985
Chga,0,0.363855136323705
Lif,0,0.363704064858539
Calcoco2,0,0.363653344728975
Adam8,0,0.362384868890472
Anxa11,0,0.362181533407709
G0s2,0,0.362036670552187
P2rx1,0,0.361223941742206
Prelid2,0,0.359765951278385
F2rl2,0,0.359439900687592
B230206H07Rik,0,0.35931206749666
Fam101b,0,0.359110112433022
Bmyc,0,0.3589736758184
Ctsd,0,0.358901247394696
Slc22a3,0,0.358368605885901
Pigz,0,0.358286406283091
Gm31406,0,0.358050201255995
Syne1,0,0.357990079631866
Il18rap,0,0.357868016225762
E230025N22Rik,0,0.357833872956259
Exoc3l,0,0.357758098113617
Nrp2,0,0.357142579449256
Rasd1,0,0.357103692287116
Sox5os3,0,0.356749798918266
Slc30a3,0,0.356733206525633
Insl5,0,0.356253835751437
Fcer1a,0,0.355506702571472
4930448E22Rik,0,0.355484530606822
Slc23a2,0,0.354741320297161
Osbpl5,0,0.354213669627511
Cma2,0,0.354083000161888
Lgals3,0,0.353733994601734
Pde2a,0,0.353696173587489
Card10,0,0.353267551690096
Bach2,0,0.353158982928001
Hpgd,0,0.35287253044597
4933406C10Rik,0,0.352628818385818
Vdac3-ps1,0,0.352301707687417
Cnrip1,0,0.352173464178344
Ctsc,0,0.3513444987628
Pbx1,0,0.349633906647409
Podxl,0,0.348939720633627
Rundc3b,0,0.348852680058457
Zfp946,0,0.348795352774614
Igkv8-21,0,0.348386423351353
Stk17b,0,0.348099885128732
Klhdc8a,0,0.347507527472872
Pxdc1,0,0.347465918711234
Hrh4,0,0.347414218317864
Dennd5b,0,0.347191561267557
E330012B07Rik,0,0.346998466303788
Crisp2,0,0.346423617302254
Usp29,0,0.345956218788721
Itgb2l,0,0.345948572075271
Fbxo44,0,0.345903170849968
Jund,0,0.345801728776004
Mxd1,0,0.344575443080885
Slc24a3,0,0.344551828769338
Foxo6os,0,0.344543855406731
Hrk,0,0.344361270252869
Tead2,0,0.344315387923897
Papss2,0,0.343246042349042
Bri3,0,0.34260947653095
1700092C10Rik,0,0.342086166742653
F630206G17Rik,0,0.342002466144676
Hbp1,0,0.341948447863527
Emid1,0,0.341643384621807
Adgre1,0,0.3412914418173
Cdh1,0,0.340749704379947
Jazf1,0,0.340553345968367
Ier3,0,0.340183798704387
Serpinf2,0,0.33930292976283
Gm12116,0,0.339302929762829
Gcnt1,0,0.339014388161789
Gbp3,0,0.338940429497346
Gm17029,0,0.338801800842765
Tarm1,0,0.338559846211377
Gm28587,0,0.338324189647934
Ahnak,0,0.337732308021086
Ambn,0,0.33770608586002
Clnk,0,0.337240695866932
B4galt5,0,0.33720102297321
Pknox2,0,0.336615708273915
Fcgr3,0,0.336273731622943
Vpreb3,0,0.33626606273592
Gm14004,0,0.336135056771189
1700039M15Rik,0,0.336135056771188
Kit,0,0.336124210956784
4930448D08Rik,0,0.33600811396594
Capn2,0,0.335932819555375
Camkk1,0,0.335752693992585
Trim24,0,0.335678004277418
Pcp4l1,0,0.335592378369808
Lilr4b,0,0.333385540395514
Gm42601,0,0.333340950326323
Slc45a3,0,0.333098461619966
Penk,0,0.333056701434992
Cd84,0,0.332886342923511
Gm10696,0,0.332883277683058
F830045P16Rik,0,0.33275879919064
Olfr143,0,0.33275879919064
Rd3,0,0.332623217705441
Il6,0,0.332274407026097
Lrrc3b,0,0.332225336197629
4933427D06Rik,0,0.332123275987762
S100a10,0,0.331916189870705
Grin3a,0,0.331895889343113
Ifih1,0,0.331868907888345
Gm28610,0,0.331759653703796
Cd177,0,0.331728139336312
Ngp,0,0.330567106307886
Gm32736,0,0.330559086411959
2900055J20Rik,0,0.330496639181961
Gm15964,0,0.330153308978528
Dach1,0,0.329982530987367
Gm12758,0,0.329037274722107
Klk1b16,0,0.328546595503054
Gm26533,0,0.328196878054334
Klf12,0,0.327980722989261
Adamts4,0,0.327916345930695
Gm44257,0,0.327088116726749
Casc1,0,0.326673929792209
Noto,0,0.326265033673658
Lox,0,0.326139503865399
Gm5128,0,0.326067157164074
Plin2,0,0.325395346706763
1700039E15Rik,0,0.325293539043646
Itgal,0,0.324995180241478
Fam216a,0,0.324978379673264
Chrnb3,0,0.324944967384194
H1f0,0,0.324591285644797
Olfr954,0,0.324411569777684
Mycn,0,0.324400035449321
Dnaic1,0,0.32432272701502
Grm6,0,0.323850519408601
Stk39,0,0.323357069283983
Matn4,0,0.322992772656604
Tnfsf8,0,0.32285432801485
9930022D16Rik,0,0.32176468448638
Egr1,0,0.321745427119668
Pim2,0,0.321359407705206
Ebf2,0,0.321297995289587
Hes1,0,0.321217482010996
Il1r2,0,0.321160073799664
Olfr1288,0,0.321090310809743
AB124611,0,0.321057057579808
Trim71,0,0.320844510895918
Gadd45b,0,0.320710406505491
Uox,0,0.320510893426454
Zscan2,0,0.320452820581353
Cyp2j6,0,0.320368221581545
4930405H06Rik,0,0.320037923188772
Il33,0,0.320037923188771
Cdkn1c,0,0.319410698563149
Rgs7bp,0,0.319134152661336
1700061H18Rik,0,0.318725365180022
Klri2,0,0.318618524355313
Klf2,0,0.318535044045061
Mybphl,0,0.317943588607682
Tex19.1,0,0.317943588607679
Aqp2,0,0.317943588607677
Gns,0,0.317822363083627
Gm15492,0,0.317798025629557
Glp2r,0,0.317684837829898
Hoxa5,0,0.317663939376814
Msra,0,0.317440306436268
Dhx58,0,0.317131444712363
Anpep,0,0.316840732845114
Tmem154,0,0.316802457044283
Klhl40,0,0.316790240634114
Hs6st2,0,0.316638978816413
Ppp1r14c,0,0.315895472302818
Rnf149,0,0.3156121939546
Zmiz1os1,0,0.315002092196402
Gpr31b,0,0.314465294275855
Asxl3,0,0.314066217404094
Mrgprb1,0,0.313138735457958
Adgrf3,0,0.312807226246885
Il4,0,0.312421834747435
Egln3,0,0.311357190131033
Nipal1,0,0.311121664657824
Myl4,0,0.310929894960091
Nes,0,0.310883494913514
Napsa,0,0.310749899041939
Gm21190,0,0.310383951674208
Muc13,0,0.31038169291778
Gm13546,0,0.310109742847845
Gm19585,0,0.309915684072113
Scn3b,0,0.309784406549807
Adpgk,0,0.30966862983369
Prr32,0,0.309661912328499
Gm6040,0,0.309560187313778
Klrb1f,0,0.309489953717035
5730405O15Rik,0,0.309400352273379
Cd34,0,0.30939661557733
Nme4,0,0.309244039998492
Pcdhac1,0,0.309210821130337
Slc28a1,0,0.308762994872093
E130102H24Rik,0,0.308576165626174
Acot3,0,0.307871650214415
A630035G10Rik,0,0.307750161401569
Prkd1,0,0.3076469116374
Gm20379,0,0.307644500042509
4930503B20Rik,0,0.306928805824126
Tcf7l2,0,0.306630984803736
Pdgfd,0,0.306440320868603
Tnfrsf1b,0,0.306328970792064
Ccdc154,0,0.305646256129246
Gemin4,0,0.305534760178996
Plch2,0,0.305449715187312
Gm8113,0,0.305344960470703
Slpi,0,0.305266818668719
Plscr2,0,0.305083733180036
Klf4,0,0.30470867602411
Socs3,0,0.304633935950612
Rnf112,0,0.303644949996226
Sp140,0,0.303016295242032
Fgf2,0,0.302802534763824
Gm2a,0,0.302665885789717
Olfr358,0,0.302492368846638
Mogat2,0,0.301143095573309
Map10,0,0.300966686496041
Stx3,0,0.30096045718863
Csf1r,0,0.300946924815562
Egr3,0,0.300719195051097
AW551984,0,0.300147224899262
Ngb,0,0.299907114895834
Cyp26c1,0,0.299496656284241
Gm20661,0,0.29949665628424
Gm11924,0,0.299496656284239
Oasl2,0,0.299469703964191
Grhl3,0,0.299439136561414
Gpm6a,0,0.299301042438933
Gimap1,0,0.298970206609786
Vmn1r31,0,0.29873280153626
Rab15,0,0.298687534103844
Fbp2,0,0.298667073255889
B9d1,0,0.298148410137475
Ltb4r1,0,0.298082221529901
Cct6b,0,0.297528024950082
Pld3,0,0.296876754552132
Tspear,0,0.296418524468157
Scn4a,0,0.296306708499084
4930552N02Rik,0,0.296267587115838
Gm44110,0,0.296041841124671
9530027J09Rik,0,0.295883549889465
Agl,0,0.295653669356799
Zfp354a,0,0.295303865329846
1700008K24Rik,0,0.295303865329846
Nefm,0,0.295264126775235
Zdhhc8,0,0.295214414391465
Pfn4,0,0.294990527930008
Gm12185,0,0.294790038077646
Mrgprd,0,0.294407953308848
4930573I07Rik,0,0.294375846231654
6430548M08Rik,0,0.293892915522423
Ldlrad4,0,0.293792957300723
Gm15628,0,0.293792957300722
Gm10447,0,0.293645961161725
Map3k8,0,0.293603201202874
Creb3l2,0,0.293067229185588
Gm13562,0,0.292943985014997
Olfr165,0,0.292834961004225
Rwdd3,0,0.292517164283388
Serpina3f,0,0.291861763625286
Slc10a5,0,0.291678395216191
1500002F19Rik,0,0.29167839521619
Evl,0,0.291230645557867
Tef,0,0.29122900648708
Gm26672,0,0.290228626490306
Hgfac,0,0.290213652195911
Gm13187,0,0.290190693556015
Abca1,0,0.290183285639985
Gm8098,0,0.290164264544714
Serpinc1,0,0.289649002613932
Fchsd2,0,0.289432087493141
6030419C18Rik,0,0.28941242636952
Rag1,0,0.28911897796545
Tlr13,0,0.289083163010188
Cpb1,0,0.289023865150003
Kcnmb4os2,0,0.288856188008628
Mmp19,0,0.288826718280279
Tlr2,0,0.288724167673983
F11r,0,0.288251139386914
Creb3l1,0,0.287942157574786
Gabbr1,0,0.287907329554124
Gap43,0,0.287867005502625
Txk,0,0.287823005363376
Muc20,0,0.287780962612959
Fhitos,0,0.28757563088405
D630036H23Rik,0,0.287259925123215
Itga10,0,0.287222197120925
Gm16508,0,0.286958671161234
Itk,0,0.286957211329621
Amdhd1,0,0.286887205991632
Lhfpl1,0,0.286885201723871
Chit1,0,0.286817543862239
Gm42921,0,0.286631397827006
Fam171b,0,0.286558767473268
2410004I01Rik,0,0.286435355939876
1700112J16Rik,0,0.286431279253888
Pth1r,0,0.286338173987428
Mgll,0,0.286199521937444
Fam135a,0,0.286101361622243
Noxo1,0,0.285724703404296
Gsg1l,0,0.285279911019926
Cd300lb,0,0.285131121580961
Gm15856,0,0.285025575409532
C130046K22Rik,0,0.284919554796554
Ighv1-23,0,0.284857930406715
Gm38155,0,0.284842483697867
Gm6225,0,0.284794116811403
F13a1,0,0.284612706934535
Susd2,0,0.284608225013652
Tmtc2,0,0.284287892458698
Ephb2,0,0.284073205553516
Gzmn,0,0.283538548316801
Cfap46,0,0.283405911500469
Gpx2,0,0.283218414485425
Myh2,0,0.28277350595706
Bcl6,0,0.282362952922391
1600010M07Rik,0,0.282135670939023
Grina,0,0.282125221477401
Cma1,0,0.282054040119358
Gm17324,0,0.281457592590445
2810417H13Rik,0,0.281352317305428
Spint1,0,0.281091978278727
4921522P10Rik,0,0.281031631152456
Fam178b,0,0.281021699732378
B3gnt5,0,0.280867462373445
Pdk4,0,0.280530072067254
Ifitm6,0,0.280289619545488
Asic2,0,0.280205984599778
Thy1,0,0.279850758051749
Neo1,0,0.279617572794115
Pdxk,0,0.279161944832763
Rbakdn,0,0.279107963406832
Nlrp6,0,0.278373844029475
Cdkn2b,0,0.278173500519481
Sqrdl,0,0.278051718021565
Car8,0,0.277809199467538
Syt5,0,0.277779638716508
Il2ra,0,0.277150538868401
Fth1,0,0.27708894673668
Hsf2bp,0,0.277000200860114
Gm44293,0,0.276484572730277
Lrp1,0,0.276357888010489
Gimap5,0,0.276325513007977
Gm27204,0,0.276307989628297
Bnip3,0,0.276033240353293
Drd5,0,0.275828124412495
Gsx2,0,0.275467378109694
Insm1,0,0.275282127543584
Ociad2,0,0.27461268659921
Bmp15,0,0.273957448193684
Btg1,0,0.273634256815297
Tob1,0,0.272884724064503
Lor,0,0.272880271126191
Ptprh,0,0.272880271126191
Gm9750,0,0.27241001358368
Lgals7,0,0.27224853934663
Rrm2,0,0.272099980529002
Adgrg5,0,0.272016627970151
Rgs9,0,0.271919251892955
Gnai1,0,0.271669473871887
1700110I01Rik,0,0.271609374471875
Slc7a10,0,0.270389005382071
Tmem225,0,0.27034909505128
Tmem200c,0,0.27034814902557
Gm17207,0,0.270301876408626
Clic3,0,0.27026170916876
4930415L06Rik,0,0.27008162418106
Snn,0,0.27007926163938
Zbed5,0,0.269825940890116
Itgb3,0,0.269680245453523
Ctsa,0,0.269629598431077
Gm42650,0,0.26936958892647
Pglyrp2,0,0.269217637341315
Gm15731,0,0.269025689047129
Tigd4,0,0.269003522915808
BC027072,0,0.268880504220529
Gimap4,0,0.268769336585032
Mov10,0,0.26829294587797
Akap4,0,0.26822591007077
Rnf43,0,0.268175140087879
4930455D15Rik,0,0.268140016134958
Gm19705,0,0.268012459178295
Camp,0,0.26779773223119
Cd38,0,0.267523382969381
Id3,0,0.267517962676782
Olfr628,0,0.267463557091589
Eno2,0,0.266777099744331
Mdp1,0,0.266625988693068
Mllt3,0,0.266521036055704
Cxcl3,0,0.266317272473425
Sgca,0,0.266064728782151
Tcea3,0,0.26598272504464
Ifi47,0,0.265898154331147
Meis3,0,0.265678172805882
F730016J06Rik,0,0.265540528010217
Faah,0,0.265299681162777
Tcf4,0,0.264932291663379
Cyp26b1,0,0.264764462078919
Zbtb20,0,0.264463719880249
Ifnlr1,0,0.263894475023079
Klhdc4,0,0.263753806916879
Fbxw15,0,0.263743355183422
Radil,0,0.263709685161516
Slc16a4,0,0.263639571662215
Med9os,0,0.263335126939006
Gm6994,0,0.26327005946177
Irs2,0,0.263191934470123
Cbarp,0,0.263079248956792
Rora,0,0.263053595325206
Usp35,0,0.262907946829638
Tex26,0,0.262679060657001
Ccl4,0,0.262640323801238
A930029G22Rik,0,0.261753777864594
Abca15,0,0.26161803080554
Csn1s2a,0,0.261507518097678
Myo15,0,0.261089529562979
Ms4a6c,0,0.260902444403678
Satb1,0,0.260850977470321
Rapgef4os3,0,0.260597296347631
Snap47,0,0.260417331989712
Mmp14,0,0.26013943627026
Cyb5r2,0,0.259476616176836
Nav3,0,0.259310298288409
Pramel6,0,0.258713812340568
Klre1,0,0.258162775028649
1700074H08Rik,0,0.258039083982911
Acox2,0,0.257515049938968
AY512931,0,0.257402227416378
Gm16054,0,0.257098345484798
Tmem132e,0,0.256829977312848
Ctxn2,0,0.256786868762213
Gm15322,0,0.256786868762212
Ybx2,0,0.256245233585034
Gm10505,0,0.25603768716821
Ctsl,0,0.255988385861862
Cyp4f16,0,0.255663345552518
P3h4,0,0.255471574884182
Ssu2,0,0.255471574884182
Pax9,0,0.255113713233009
Oit3,0,0.255031894601939
Vax2os,0,0.254999390419287
Efnb2,0,0.254858404322323
Fbn1,0,0.254728563996666
Ccng2,0,0.25447801959232
Zfp184,0,0.25424141870536
Tex13a,0,0.254202517704581
Gpr17,0,0.254202517704581
Atp2c2,0,0.253540495338905
Glb1,0,0.253311820278482
Spock2,0,0.253187864030187
A930001A20Rik,0,0.2530683700387
Espn,0,0.252958990969764
Gadd45a,0,0.252954541473456
Tgfbi,0,0.252828876295863
5033428I22Rik,0,0.252716240178988
Ddit4l,0,0.252673585547885
Myl10,0,0.252553562742956
H2-T3,0,0.251917308614957
A4gnt,0,0.251913375812699
Ighv2-9,0,0.251835781208765
Tunar,0,0.251751457058748
Zkscan2,0,0.251719225600595
1700027A07Rik,0,0.251658159868015
Ms4a4b,0,0.251572807766238
Gcnt3,0,0.251469359659642
Zfp526,0,0.251438925925433
Trp53bp2,0,0.251298586794772
Il24,0,0.251206601961072
1700044K03Rik,0,0.25114400742355
Gm14169,0,0.25114400742355
Crisp1,0,0.25100035756013
Fgd5,0,0.250625821739933
Catsper1,0,0.250549920457191
Ccdc80,0,0.25042295465937
Ppp1r42,0,0.249758120741077
Sacs,0,0.249496850951348
Adgre4,0,0.249427730504494
Kdm4d,0,0.249089776702927
Mirt1,0,0.249068511331384
Vcan,0,0.249014552848063
1700069P05Rik,0,0.248947184005171
Olfr543,0,0.248808595077678
1700010N08Rik,0,0.248808595077678
Mkrn3,0,0.248799051826665
Sorbs2os,0,0.24877676047677
Sept3,0,0.248769810767822
1700030M09Rik,0,0.248668221038328
Acod1,0,0.248660918927249
Zbtb4,0,0.248501480395398
Gm15408,0,0.248467289140156
Mndal,0,0.248458153026412
Gm5111,0,0.248436511454464
Nlgn2,0,0.248416726369144
Col1a2,0,0.248208535197218
Fcrla,0,0.248036845676133
Olfm1,0,0.247965236603098
Mtss1l,0,0.246718862337339
2010007H06Rik,0,0.246622893734539
Dnase2b,0,0.246452463719132
Ccl1,0,0.246290939688075
Zmpste24,0,0.24617922757301
Enox1,0,0.246079756529811
Pacsin1,0,0.246049327355547
A930015D03Rik,0,0.245976872701705
Lcn11,0,0.24586052288441
Cabp4,0,0.24480024797127
Klf5,0,0.244283300032399
Gstt3,0,0.244242959139983
Olfr1154,0,0.244077183448478
Gm10701,0,0.243904133809136
Ccpg1,0,0.243521675318171
Trbv2,0,0.24331664530507
Pou4f2,0,0.243232229876974
Chrna1,0,0.243211520211835
Gabrr3,0,0.243121554029684
Chil1,0,0.243070787287075
Nkx2-3,0,0.243033900254184
Gm26871,0,0.242953437048645
Gm11772,0,0.242787093773155
1700019B21Rik,0,0.242529141903837
Ccl7,0,0.242317700921093
Ugt2a2,0,0.242268916879284
Crhr2,0,0.242268916879284
Cfap77,0,0.242213513297169
Ak4,0,0.24217028966371
Man2b1,0,0.242153088702198
Igfbp5,0,0.242125274839571
Il1rn,0,0.241624582035067
Ltb,0,0.241602223567796
Trp53inp2,0,0.241343760740842
Gm13112,0,0.241302942181782
Tmem233,0,0.241133159256838
Zfp78,0,0.240809605972577
Klhl35,0,0.240582828465384
Gimap1os,0,0.240458900354812
Carhsp1,0,0.240363839044061
Krba1,0,0.240288490406338
Smad9,0,0.239996025379548
Platr19,0,0.239996025379547
Blnk,0,0.239976450342058
4931415C17Rik,0,0.239959557190519
P2ry13,0,0.239676562792186
Cacng5,0,0.239635385172765
Rnf150,0,0.239335747036906
Cdh17,0,0.2391348440976
Gm44109,0,0.238897113314868
Maneal,0,0.238782111502684
E030042O20Rik,0,0.238727725412588
Sox15,0,0.238518885945848
H2afy2,0,0.238300616770198
Hcrtr1,0,0.238088691282169
Gpr45,0,0.238009371880943
Gm20535,0,0.237786891515816
C130026I21Rik,0,0.237604159116573
Bex4,0,0.237567572303753
Gjc2,0,0.237559803721365
Gm42806,0,0.237410753102586
1810019N24Rik,0,0.236883355369335
Alb,0,0.236868652937358
Hunk,0,0.236822628967457
Phf11b,0,0.236260108837362
Gm14488,0,0.236154030321218
AI847159,0,0.236087523699095
Gm10392,0,0.236005982502504
Rprm,0,0.235543614104217
Tnfrsf9,0,0.235377315994229
Hottip,0,0.235257991015025
Nhlh1,0,0.23525699943699
Nxph1,0,0.235215403179694
Ypel3,0,0.235037421133131
Pak7,0,0.234922175913803
Lmo4,0,0.234876989332833
Gm5414,0,0.23482570892992
Plekhm3,0,0.23467709405125
Ear2,0,0.234475722519864
Gm9946,0,0.234282253688966
Tas2r134,0,0.233818703862997
Pnrc1,0,0.233769848882973
C5ar1,0,0.233754142688586
Ccdc157,0,0.233620812210496
Gcsam,0,0.233457196486864
Map6,0,0.233419764199056
Olfr204,0,0.233189595838106
Gabrr2,0,0.233094387481517
Rpp25,0,0.233071775643873
Dennd2a,0,0.233041066462605
Mmp25,0,0.232601218875103
Ier5,0,0.232514101584396
Frmd4b,0,0.232347547359771
Olfr160,0,0.232325162459176
Cdhr2,0,0.232049095325246
Gm5105,0,0.231988987428365
Mug1,0,0.231956554505767
Ppm1l,0,0.231789285500017
Gm4673,0,0.231631193620412
Adam21,0,0.231468992832253
Olfr697,0,0.231444500861234
Nrp1,0,0.231333260236379
Gpr152,0,0.231263257569687
Gm10549,0,0.231211013803048
Ptpn5,0,0.230862902554992
Olfr1286,0,0.230778308467838
1700041G16Rik,0,0.230759132672194
Phldb3,0,0.23073178307925
Olfr412,0,0.230722023755187
Gm43754,0,0.230672005571289
Slc15a5,0,0.230634951690949
Srsf12,0,0.230257375945427
Trp53cor1,0,0.230235658530827
Cxxc5,0,0.230141157523819
Arl4c,0,0.230133796180468
1700095J12Rik,0,0.22991612886764
Ltf,0,0.229865357008682
Redrum,0,0.229632324749939
Rgs22,0,0.229578224613631
Fgl2,0,0.229463419673039
Gpr137c,0,0.229437033860583
Ttf1,0,0.229359432274371
Gm4265,0,0.229239334154254
Ifitm1,0,0.228888186105307
Scgb3a1,0,0.228769696948283
Tpk1,0,0.228741976767515
Myc,0,0.228721725696185
Ifit1bl2,0,0.228411792913669
Cdh13,0,0.228362376944637
Myt1,0,0.2283233328533
Emcn,0,0.228189620201326
Tmem45a2,0,0.228172831928932
Znrf4,0,0.227924269552688
4930597A21Rik,0,0.227600621837636
Tspan12,0,0.227324687001025
Prkg1,0,0.22724851556851
Ccr5,0,0.227214874968902
Serpinh1,0,0.227091073074886
4930458D05Rik,0,0.226774982626322
Frzb,0,0.226753368183362
Gm10369,0,0.226653095141717
Cxcl15,0,0.226636784438301
1700001C19Rik,0,0.226391426641944
Scrg1,0,0.226373718704748
Arfgef2,0,0.226293939768274
Gimap6,0,0.226266160950385
Atp1b1,0,0.226233946279514
Calml3,0,0.226162395123446
Itgb7,0,0.226026471118982
Tekt5,0,0.225863001375328
Cd68,0,0.225227297524278
Pdgfrb,0,0.225211150697572
Olfm4,0,0.225004190273134
Phex,0,0.224862829959457
Abtb1,0,0.224494244602844
Fam19a3,0,0.224391432650363
Hip1,0,0.224345338110499
Dpys,0,0.224248792570841
Gria1,0,0.22413256489773
Rbp1,0,0.22405319525995
Ccdc106,0,0.224037204023558
Cd14,0,0.223862893901828
Olfr845,0,0.22383846859712
Plxnb1,0,0.223782117738005
Tcp11l2,0,0.223655829076937
Tmbim7,0,0.223638511460517
Wdr20rt,0,0.223575064737385
Olfr452,0,0.223543347219648
Cyp2b13,0,0.22333477345077
Gm8439,0,0.223231386837168
Irgc1,0,0.222973162408587
Ssbp3,0,0.222955678247646
Gp5,0,0.222027412449782
Il1rapl2,0,0.221975142081432
4930487D11Rik,0,0.221421957975135
Snai1,0,0.221403895923307
Fah,0,0.221365222755939
Gm26621,0,0.220907408228523
Cerkl,0,0.220406254081713
Fbxo10,0,0.220230598872772
Tmtc1,0,0.220014410471652
Prss32,0,0.219782241311851
Hipk4,0,0.219714054983981
2610301B20Rik,0,0.219561877850101
Sema4b,0,0.219243649825404
Akr1c20,0,0.21901338673728
Asprv1,0,0.218896855774698
Fmo1,0,0.21887240579366
Sox17,0,0.218865300539393
Serpinb9,0,0.218777774394585
Chst15,0,0.218719399096214
Cdkn1b,0,0.21859010539263
Slitrk6,0,0.218588405815784
Sv2a,0,0.218193599438298
Il10ra,0,0.217862114243024
Gm43003,0,0.217850715135178
Ypel1,0,0.217473514358658
Per2,0,0.217365524120957
Clic5,0,0.21720153466008
Ppp1r1a,0,0.216021012145106
BC030870,0,0.215920145678386
Gm13398,0,0.215649878488874
Rragb,0,0.215483474905032
Casp6,0,0.215243532310723
Usp18,0,0.215165348259724
Lingo2,0,0.215121789544203
Cdkn2a,0,0.214993085454336
Cacna1g,0,0.214538123019633
Enc1,0,0.214521717883852
Tdgf1,0,0.213820005499191
Gm16565,0,0.213632453125465
Bcl2l11,0,0.213408090491092
Ms4a8a,0,0.213406113829801
1700011I03Rik,0,0.213367334540461
Gm13180,0,0.213351789739311
Rasgrp4,0,0.212849245919673
Serpinb10,0,0.212786261573834
Zpld1,0,0.212476698134069
Gm12200,0,0.212476698134069
Sprr1b,0,0.212476698134069
1700007B14Rik,0,0.212021274014588
Lrrc48,0,0.211782857974889
G6pc,0,0.211728768357102
3300002P13Rik,0,0.211709912090678
Gm26728,0,0.211494383522996
Ddt,0,0.211470689255667
Slc26a3,0,0.211192247799661
Plpp1,0,0.211183537466285
Olfr1412,0,0.211064775791655
H2-Q7,0,0.210680341709034
Ccr6,0,0.210672981625875
Znfx1,0,0.210623388134351
Il1f9,0,0.210549436335659
Il1r1,0,0.210367870736148
Sox5,0,0.21023777196796
6430531B16Rik,0,0.210223474845675
Ckap2l,0,0.21007551676276
Cfap161,0,0.210051103025352
Tmem190,0,0.209908709114537
Gm16240,0,0.209872853047724
4930505O20Rik,0,0.209767461117895
Gm15406,0,0.209621893533941
Ccbe1,0,0.209469313353478
Tmem125,0,0.209250887672777
St8sia1,0,0.20916085723039
Spib,0,0.20911903846457
Itpr2,0,0.209041678241067
Hao1,0,0.20882477343812
Arhgef3,0,0.208774233118781
Col17a1,0,0.208557907540394
Sult4a1,0,0.208528115925308
Aldoc,0,0.208400982252801
Camk2a,0,0.208208309113105
Vmn1r46,0,0.20811040650366
Cd28,0,0.207824508128797
Slfn4,0,0.207768031702016
C330021F23Rik,0,0.207675548242118
Mcpt2,0,0.207190573190846
Zfp773,0,0.207011124891615
Ankrd36,0,0.206889364480876
Ly6a,0,0.206661970134729
Lrp3,0,0.206070154965523
Ednra,0,0.206064181749113
Il4i1,0,0.205992018893572
Sncg,0,0.205930395036649
Smad3,0,0.205823839823368
A930024N18Rik,0,0.205777596619051
Nr4a1,0,0.205648246198552
Mkx,0,0.205397219750626
1700056E22Rik,0,0.2052354622835
Rab7b,0,0.205154136443657
Aoc1,0,0.205139708633667
Ankrd22,0,0.204825037491023
Gm29264,0,0.204397032160916
Rsf1os2,0,0.204320084297159
Adgrb2,0,0.204052296155827
Phf11c,0,0.203512235817192
Cmtm8,0,0.203492301869206
Zfp784,0,0.203398868137868
Ppp3cc,0,0.203204823529188
Slc39a2,0,0.203140816689429
Gm13415,0,0.203119167186445
Tnfrsf18,0,0.202975048341275
Dcpp3,0,0.202525078266254
Celrr,0,0.202507004098674
Nme3,0,0.202473072703931
Dusp1,0,0.202004650295646
Cfb,0,0.20192332287067
Tbc1d9,0,0.201864287493947
Pnmt,0,0.201693984502492
Hist1h1t,0,0.201693984502492
Lpl,0,0.201689916713662
Ccdc180,0,0.201459868234691
Calcb,0,0.201439700839907
4921504E06Rik,0,0.20142330703432
Dio2,0,0.201212597707323
Krt18,0,0.200898540654457
Clec2d,0,0.200622574831696
I830077J02Rik,0,0.200099241176116
Olfr70,0,0.200001879725344
Teddm2,0,0.199971271845814
Gm14295,0,0.19989656816997
1700101O22Rik,0,0.199715656547549
Gm16091,0,0.199559538642576
4833427G06Rik,0,0.199547712605238
Tmem215,0,0.199418365882912
Tmem176a,0,0.199326241017337
Il21r,0,0.199279266847173
Krtap28-13,0,0.199219759572206
2310001H17Rik,0,0.199124968511245
Dab2,0,0.198775408200224
Ms4a6b,0,0.198760801512829
P2rx5,0,0.198504474276147
Brwd3,0,0.198489068133293
Pnpla7,0,0.198406817191563
4933413L06Rik,0,0.198009088088964
Olfr677,0,0.198009088088962
Gm15979,0,0.197888524071519
Zfp358,0,0.19784721352644
Vangl2,0,0.197705106435397
Zyx,0,0.197436057731443
Fam20c,0,0.197312386791376
Xaf1,0,0.197289791633762
Map7d2,0,0.197133311321536
Crym,0,0.197057555876211
Gpr137b,0,0.197013995328363
Serpina3n,0,0.196993210636605
Neat1,0,0.196969151441828
Adam11,0,0.196912504399133
Bnc1,0,0.196892772082593
Enkur,0,0.196807715246824
Dok2,0,0.19672732444508
Kctd19,0,0.196647476002893
Platr25,0,0.19630585580094
Cfp,0,0.196205543133214
Cldn1,0,0.196159948326082
Ighd,0,0.195941460099113
Tnfsf15,0,0.195940813792836
Bcl2a1b,0,0.19590575141719
Phlda1,0,0.195600904451399
Olfr1496,0,0.195276217402015
Tm4sf4,0,0.195129166416851
Ahnak2,0,0.195017151292768
Icos,0,0.194768746288078
Fmn2,0,0.194647499282258
Bhlhe40,0,0.194433913562784
Cemip,0,0.194410202635217
Tcf15,0,0.194257242336396
Pou6f2,0,0.193823447663958
Cd72,0,0.19380933548303
Prrt4,0,0.193688356056228
Pkib,0,0.193394835647753
4930588K23Rik,0,0.192988983208215
Slc7a3,0,0.192792663293943
Kcnj8,0,0.192543808652152
Reln,0,0.192388477057901
Arid3c,0,0.192341728926095
Slc25a29,0,0.192324275224982
Trbc2,0,0.192225275942105
Gm9917,0,0.192225275942103
Asgr2,0,0.192027341105288
Mylk,0,0.191659321257663
Tmem54,0,0.191621663019941
2900089D17Rik,0,0.191597986075881
Lrrn4,0,0.191308518978957
P2ry10,0,0.191222317718656
Gm11730,0,0.191212180977875
Col2a1,0,0.19112783486144
Bglap3,0,0.190792646087367
Olfr112,0,0.190689493984824
Slc39a4,0,0.190683282828611
Gm10419,0,0.19046572764018
Rasl10b,0,0.190435713127769
Mfi2,0,0.190146616311797
Tbx19,0,0.190069714484873
Abcg1,0,0.18951301536964
Entpd3,0,0.189287885607158
Etohd2,0,0.189282945591886
Apobec1,0,0.189257504041083
Gm26705,0,0.189148300032624
Gm10814,0,0.189098697635384
Gm28441,0,0.189098697635383
Hapln3,0,0.188804606593083
Gm17540,0,0.18850642645229
Espnl,0,0.188278791369803
Mark1,0,0.187983368392883
Spp2,0,0.187786631817139
Fcrl1,0,0.187716758669434
Car9,0,0.187715018667834
Gm17590,0,0.187431213831358
4930448I06Rik,0,0.187362088639243
Kank2,0,0.187279491830704
Slc15a3,0,0.187117152319253
Klrk1,0,0.186745758307781
Bcl11a,0,0.186733264402493
Iqsec1,0,0.186636026568936
Gm1965,0,0.186504060805163
Fam160a1,0,0.186243368896141
Ighg2c,0,0.18621760144127
Trim30b,0,0.186064007605968
Gm8394,0,0.185930400532011
Tceal7,0,0.185906852801477
Gm16142,0,0.185780625679639
Abtb2,0,0.185766573918516
Aicda,0,0.185762308357927
Lag3,0,0.185757918561211
Mex3a,0,0.185714946920915
Gm12367,0,0.185637820627772
Tmem35,0,0.185454574159369
Gadd45g,0,0.185429909983056
Tpd52l1,0,0.18518044289811
Skap1,0,0.185035984733566
Cyth1,0,0.184877853514012
Klrb1b,0,0.184641069899573
Efna1,0,0.184631739934917
Cd164l2,0,0.184520511454176
Megf10,0,0.184465755577358
Ankrd60,0,0.18439749635535
Fmn1,0,0.184193641451935
Gm14643,0,0.184034617580866
D630039A03Rik,0,0.184001985253159
Gata6,0,0.183879832257882
Mybpc1,0,0.183663587278152
Ctsf,0,0.183314176501817
1110032F04Rik,0,0.183302253940866
Dusp2,0,0.18313229602043
Mir142hg,0,0.183123277902131
Nyap1,0,0.183108831896467
Pdzk1ip1,0,0.182925945100714
Rras2,0,0.182849705216872
4930565D16Rik,0,0.182776404427404
Cldn8,0,0.182720123890566
Slc22a28,0,0.182697490291829
Bex1,0,0.182661036034338
Ror1,0,0.182617120632913
Shisa4,0,0.182413545467528
Dlk1,0,0.18228486758913
Lrch2,0,0.182149266075579
Rnase6,0,0.181835298387428
Ppp2r2b,0,0.181779105377567
Glt6d1,0,0.181779105377567
S1pr1,0,0.1817657946877
Ptafr,0,0.181735040914508
Ahr,0,0.181373237774223
Osbpl10,0,0.180987846033767
Tmem92,0,0.180773236863147
C230037L18Rik,0,0.18068311210974
AA986860,0,0.18059720552254
Acsm3,0,0.180574455082567
Irf1,0,0.180478230996192
2310003L06Rik,0,0.180152987625527
Opn1sw,0,0.179981677036672
Sstr2,0,0.179817361117017
Actl9,0,0.179687781697811
Car2,0,0.179684173863051
Arhgap25,0,0.1796583003259
Gm26583,0,0.179578148156495
Cacnb1,0,0.179145753993499
Rpl3l,0,0.179132465843915
Slc14a1,0,0.179109199963846
Eps8l1,0,0.178918174312169
Hrh1,0,0.17868073002046
Arpp21,0,0.178619592578149
Gm11782,0,0.178552585363024
Ush1c,0,0.178498940999079
Cdc42ep2,0,0.178199506672501
Fam71d,0,0.17815624484128
Slc17a7,0,0.178074554788537
Nbl1,0,0.178050218985256
Epha2,0,0.177999111422073
Axl,0,0.177873473966781
Ptgs2,0,0.177763889196053
Dennd1a,0,0.1777009081104
Gng11,0,0.177636081387054
Fos,0,0.177454698546732
Fam214a,0,0.177349284508248
A530064D06Rik,0,0.177246328375617
Selm,0,0.176990414994487
Peak1,0,0.176762244788221
2700069I18Rik,0,0.176760544373536
Traf1,0,0.176736978326589
Cd200r2,0,0.176564645893779
Myo1e,0,0.176448040248645
Calml4,0,0.176129022302459
1700001C02Rik,0,0.176102227821688
Kctd11,0,0.176065528401213
Nmb,0,0.175198535052865
A630073D07Rik,0,0.17508123740152
Pex11g,0,0.175016903857701
Adcyap1r1,0,0.174901977918896
Crhbp,0,0.174846951758747
Gm43477,0,0.174805878070898
9130019P16Rik,0,0.174775363711688
Gm5483,0,0.174357718283973
Zfpm2,0,0.174345561142057
Rbm11,0,0.173888741695313
Gm1661,0,0.173882689286298
Gm16897,0,0.173781640765181
Ighg2b,0,0.173706283683909
Sostdc1,0,0.173698180958202
Slc15a2,0,0.173312876678247
1700016K19Rik,0,0.173286622886922
Kdm5b,0,0.173285703301435
Il12a,0,0.172967566775011
Tmcc1,0,0.172912674006909
Ctxn1,0,0.172859284242029
Nrip2,0,0.172447776717881
Kif26b,0,0.172396937983858
Tubb3,0,0.172356705838582
Bex6,0,0.172265036267876
Serpinb5,0,0.172215058606449
Cpe,0,0.172063047522073
Fam71e1,0,0.171810533069474
Ramp3,0,0.171782674572242
Cx3cl1,0,0.171629818921117
Gm10311,0,0.171421494072844
Gm13346,0,0.171243965743654
Arx,0,0.17121827666218
Klk12,0,0.171094293369924
1700061F12Rik,0,0.171077255731908
Gm11465,0,0.170888177674161
Kmt2a,0,0.17086895765495
Rassf3,0,0.170642872992475
Alox15,0,0.170587017550763
Dcaf12l1,0,0.170392291349369
Pvr,0,0.170361579787769
Sytl1,0,0.170314998476934
Foxo1,0,0.170166161680773
Spsb1,0,0.170163015102132
Bhlhe23,0,0.170160522986135
Coro2b,0,0.170133311839821
4932415M13Rik,0,0.170081603564329
Gm4262,0,0.169774323743714
Hacd4,0,0.169725412651575
Triqk,0,0.169676493143831
A630033H20Rik,0,0.169261288139567
Rtp2,0,0.169112150968711
Rab3gap2,0,0.168735706693611
Atf5,0,0.168555917864915
Gck,0,0.168502991519498
Ampd3,0,0.168486612983171
Strc,0,0.168375780746829
Gm16023,0,0.168369816575877
Olfr616,0,0.168226985451454
Cetn1,0,0.167986200656999
Hilpda,0,0.167846377034945
Gm11714,0,0.167838071245319
Fgf10,0,0.167704814259455
Gm26707,0,0.167609912799263
Zdhhc1,0,0.16756051113122
Ifit3,0,0.167470381302143
Moxd1,0,0.167239580582548
Gm43255,0,0.16723555047242
Gm15328,0,0.167002005323508
Pcdhb10,0,0.166977510534267
Gm15169,0,0.166943326494618
Erc2,0,0.166929296484254
Lurap1,0,0.166922596532708
Gm14005,0,0.16692244837738
Klk7,0,0.166900889041567
Cyp4a12a,0,0.166894182416135
Rxfp4,0,0.166892330039897
Gm13427,0,0.166892330039896
Npy2r,0,0.166892330039896
Mstn,0,0.16687643752104
Insl6,0,0.166824480554567
Rgs17,0,0.166732032419979
Irx2,0,0.166439667831357
Ppp1r16b,0,0.166435688877595
A930024E05Rik,0,0.166283044061773
Ufsp1,0,0.165978178336195
Ccdc7a,0,0.165921020770351
Tmcc3,0,0.165704454736016
Card11,0,0.165673363642558
Ffar1,0,0.165651328233434
Gm973,0,0.165591306151794
Pyhin1,0,0.165542621229374
Gm14540,0,0.165535679664775
Rhod,0,0.16541163933938
Zmynd15,0,0.165156352188569
Arf4os,0,0.165155199417751
Htra3,0,0.165098161671964
Cnfn,0,0.165051242090882
Ankdd1b,0,0.164743522708159
Dio1,0,0.164719590533165
Dpep2,0,0.164651968855953
Ctsll3,0,0.164616354086676
Nr2e3,0,0.164527545963664
Nhlh2,0,0.164412312063575
AW112010,0,0.16439606668285
Camk1d,0,0.164166198773062
L3hypdh,0,0.164061210915218
Prnp,0,0.163975300003115
Gm19757,0,0.163957754302834
Gcnt2,0,0.163953464727565
4930463O16Rik,0,0.163946735113717
Zfp872,0,0.163860735436027
Zfp457,0,0.163788903881435
Ttc36,0,0.163653760676088
Olfr699,0,0.163400708864627
Gm10522,0,0.163393452368455
Wfdc17,0,0.16338645995335
Dtx3l,0,0.163316288030963
Gm37896,0,0.163260921106046
Cpne5,0,0.163216793036676
Glt28d2,0,0.163183527699249
Rfx8,0,0.163083601765358
Ckmt1,0,0.163007277213663
Atf3,0,0.162917800035099
Kcnma1,0,0.162661285338779
Gm27226,0,0.162532459730528
Oxgr1,0,0.162412614998965
Nkx1-2,0,0.162410024777425
Clec4f,0,0.162222608427123
Olfr618,0,0.162222608427123
Tbxa2r,0,0.162206004401954
Zfp36l1,0,0.162186420542437
Tnp2,0,0.162186087871475
Nat8l,0,0.16215230845303
Nwd2,0,0.162069488337587
Gm4070,0,0.162043310137851
Gm15545,0,0.16165137343257
Mmp9,0,0.161550403298031
Gm42884,0,0.161523887145964
Chrna6,0,0.161360430121173
Nov,0,0.161356975206894
Fam163a,0,0.161331665055567
Gstt1,0,0.161161560390213
Sphkap,0,0.160987931956452
Sval2,0,0.160917565412272
Gm14703,0,0.160877246990514
Gm44875,0,0.160626346262767
Svop,0,0.160498333017155
Gpr1,0,0.160479311016187
Ntng2,0,0.160444178933044
Hspb7,0,0.160034087576383
Dscam,0,0.159522090884935
Ccr4,0,0.159434931619603
Rab40b,0,0.159316557807361
Gzma,0,0.159163739284738
Gm12503,0,0.159085028987529
Olfr1258,0,0.159085028987529
Epgn,0,0.15889529214911
Kpna2,0,0.158603955299644
Defb25,0,0.158570222172973
Lipa,0,0.158422200611817
Vwa3a,0,0.158131084303811
Neb,0,0.158081919730981
Kcnab1,0,0.158060434916352
Pdgfa,0,0.15754659823266
Adamtsl2,0,0.157274299563109
Ifi204,0,0.157253878152069
Snhg7os,0,0.157122815130743
Kcnh2,0,0.157029779325908
Nipal4,0,0.1569929080577
Scel,0,0.156808629029658
Ifitm10,0,0.156798153539977
Tex14,0,0.156722472000243
Bhlha9,0,0.15656161550398
Olfr767,0,0.156465055631463
Elavl3,0,0.156375468492259
1700061G19Rik,0,0.156236079290175
Gabrp,0,0.156138824076367
Fermt1,0,0.156104038570191
Ctsk,0,0.156097554602444
Apol10a,0,0.156021814647952
Ttc28,0,0.156012677718364
Gzmc,0,0.155969876870306
Timm8a2,0,0.155729771982202
Clec4n,0,0.155724932160016
Rsl1,0,0.155519288846045
Boll,0,0.155396236690119
Capns2,0,0.155301112063283
Tcrg-C1,0,0.155235419705557
Btg3,0,0.15515145092908
Sugct,0,0.155101193204043
Hypm,0,0.155021251961671
A930038B10Rik,0,0.155004397967897
Gm26865,0,0.154974980746226
2810471M01Rik,0,0.1545407844012
4930431P03Rik,0,0.154525867064331
Gm7457,0,0.154521359556788
Rxra,0,0.154417044228175
Gm10787,0,0.154367367076649
Gm15684,0,0.154361118161316
Gm15756,0,0.154276741505772
Grhl2,0,0.154240811969972
Col4a5,0,0.15423367734347
Mannr,0,0.154028254522247
Nos2,0,0.154011768644885
Alx4,0,0.153654950329699
Tbc1d4,0,0.153407128749263
Gm37214,0,0.153255990819668
Smarcd3,0,0.153177001308988
Ccdc171,0,0.153112780958537
Tuba3b,0,0.152747430060074
Mei1,0,0.15243540969532
Cpz,0,0.1523570726568
Cd6,0,0.152331581719047
Crybb1,0,0.152284460803466
Tmie,0,0.151952736967988
Tle6,0,0.151775755273436
Ccdc189,0,0.151507631620475
Iigp1,0,0.151433978408004
Zfp935,0,0.151429696092477
Hist1h1a,0,0.15127552259507
Gata4,0,0.151229345223435
Prg2,0,0.151168195854242
Rxrg,0,0.151159530498537
Spata6,0,0.150793297347347
Klhl30,0,0.150606507770972
Ecm1,0,0.150549771561942
Spire2,0,0.150545233877264
Emp1,0,0.150255427425613
Nkx6-2,0,0.150247142924082
Myzap,0,0.150104373057951
Trp63,0,0.15000845177277
Mtmr11,0,0.149884868577773
Zfp37,0,0.149659243226135
Rapgefl1,0,0.149657215282536
Gm13547,0,0.149616898868254
Mcam,0,0.14956635375664
Krt222,0,0.14946867552504
Pcdhb19,0,0.149328738894673
Gpa33,0,0.149250778312969
Gm26511,0,0.149112047516403
Ly86,0,0.14897923091501
Gm26843,0,0.148835419896178
Clec7a,0,0.14881837218088
1700012C08Rik,0,0.148708668851323
Ces2c,0,0.148581860030574
AY512915,0,0.14817055891246
Fmnl2,0,0.148040621761734
Hgsnat,0,0.147913239828675
Tmem151b,0,0.147719543061325
Dnajc22,0,0.147621571587504
Map1lc3a,0,0.147480822052154
Glra1,0,0.14736683784329
Wif1,0,0.147357193275733
Bend5,0,0.147264868645294
1810041H14Rik,0,0.147136485996918
Gm43248,0,0.146726661244839
Phf24,0,0.146701923918262
Kcnd3,0,0.146656725239513
Ncoa7,0,0.146528999988073
Sulf2,0,0.146330755650723
Nacc2,0,0.146139926135748
Prr18,0,0.146060564545928
Pdlim4,0,0.145954030859552
Ehd3,0,0.145952339291804
Dgkb,0,0.145905938221233
Gm15234,0,0.145877904010908
Bsph1,0,0.145877904010907
8030451A03Rik,0,0.145792530127134
Gm16291,0,0.145515395816244
9230110C19Rik,0,0.145100158308729
4930486I03Rik,0,0.145012944718582
Notch3,0,0.145008236083802
Il1b,0,0.144977261341298
Eif2c5,0,0.144968095614673
D930028M14Rik,0,0.14481891044215
Prodh2,0,0.144451291028195
Fam149a,0,0.144441107069449
Cdkl1,0,0.144215250469392
A3galt2,0,0.144109909318734
4930554C24Rik,0,0.144098416361262
Dmrt2,0,0.143995988108437
Gm12784,0,0.143862919158346
Cacna2d4,0,0.143791289764885
Myct1,0,0.143652665681126
Serpine2,0,0.143628302005603
A230001M10Rik,0,0.143612511586253
Tmem156,0,0.143517115062323
Psg17,0,0.143198051559353
Otulin,0,0.143018981333131
BC094916,0,0.143011974535769
Cacng6,0,0.142938632986704
Gm4208,0,0.142918836368842
Olfr1238,0,0.142853912974599
B020004C17Rik,0,0.142853912974598
Hcar2,0,0.142748836422678
Olfr513,0,0.142726212310151
Gm5475,0,0.142596318706467
Capn9,0,0.142549811565305
Ccl24,0,0.142529332068054
Sirpb1b,0,0.142469939998267
Naalad2,0,0.142128004354701
Rian,0,0.142084935699807
Adam12,0,0.142039837308733
B130055M24Rik,0,0.141849078088615
3110099E03Rik,0,0.141836830180815
8030423F21Rik,0,0.141749628667013
Arhgef10,0,0.141664816226251
Tmem136,0,0.141553693746534
Cyp4v3,0,0.141426791662506
Jup,0,0.141398855310436
Tcstv1,0,0.141380775161774
Gm17484,0,0.141275989302189
4930526F13Rik,0,0.141266579473876
Trim34a,0,0.141141711338892
Dok4,0,0.141074635260862
Ddx4,0,0.141049761210066
Slc24a2,0,0.141012789200521
Helt,0,0.140670526537101
Rtp4,0,0.140559543067956
Duox2,0,0.140206132156221
Ros1,0,0.140011589811766
Iqch,0,0.139908302867244
BC048671,0,0.139858052544513
Gm12705,0,0.139844541368481
Spry3,0,0.139741267181525
Lars2,0,0.139735402417613
Baiap2l2,0,0.139391324714168
Sh3bgrl2,0,0.139359409005394
P2rx3,0,0.139235679019809
Pmfbp1,0,0.139218191972759
Rpl39l,0,0.139146215716303
1700016F12Rik,0,0.139015484468641
Atp13a4,0,0.138878115060662
Slc37a2,0,0.13887038570564
Gm13561,0,0.138862269322199
Top2a,0,0.138660739638525
Gp9,0,0.138614901204742
Dnah9,0,0.138507830150338
Trpm2,0,0.1384893161886
Pard6g,0,0.138457334131909
Zfp74,0,0.138279729450388
Tbx3,0,0.13815216647409
Plekha5,0,0.138115458123403
Slc35f1,0,0.137963627513405
Slc35d3,0,0.137921132368522
2310081O03Rik,0,0.137787082213969
9330185C12Rik,0,0.13765282692393
Gm20621,0,0.137599408449297
Gm20508,0,0.137515292710615
Upk3bl,0,0.137262240304182
Irs1,0,0.137214939929655
1700016G14Rik,0,0.137053020087172
Txnip,0,0.137013872802362
Sgsm2,0,0.136814351075355
Ascl3,0,0.136742705650104
Cmya5,0,0.136741346754737
Tmem140,0,0.136315113973359
Kcp,0,0.136240544717489
Myh8,0,0.135984990538017
Cyp2b19,0,0.135905555764791
Gm17116,0,0.135825508647049
Serp2,0,0.135726550562482
Hcst,0,0.135620108708834
Klra2,0,0.135331179328205
A430093F15Rik,0,0.135281163976458
Stat1,0,0.135094789996464
Usp17lc,0,0.134854019220599
Als2cl,0,0.134721332358991
Gm4951,0,0.134710333456598
Gm11992,0,0.13439671648608
Srpx2,0,0.134232879604201
Cryba2,0,0.134203341637711
Psors1c2,0,0.134080684806305
Gm15704,0,0.133883927780132
Gdnf,0,0.133829836428184
AI607873,0,0.13376986406733
Smoc2,0,0.13376109454743
Shroom2,0,0.133755515263476
1700047G03Rik,0,0.1337459128964
Chd2,0,0.133584381630814
Tnf,0,0.133556633798063
Gm28499,0,0.133453171062471
7530428D23Rik,0,0.133228841059453
Mecom,0,0.133149196550289
Gucy2e,0,0.133101933601275
Cyp2c50,0,0.133013864562687
4932443L11Rik,0,0.133005721950438
Sirpb1c,0,0.132925658232468
9630001P10Rik,0,0.132701685370453
Maff,0,0.132618499333475
Gm26517,0,0.132530723512763
Plpp6,0,0.132504119415484
Olfr658,0,0.132418818071573
Gm12860,0,0.132370607657044
Inhbc,0,0.132285620960296
Pfn2,0,0.132007043115711
4930513O06Rik,0,0.131931237336061
9930111J21Rik2,0,0.131796682629625
Rasl12,0,0.131686315922149
Jakmip1,0,0.131395266886412
Kcnh6,0,0.130871424719822
Sgk1,0,0.13085734878742
A430034D21Rik,0,0.130821081857448
Dsc2,0,0.130809815893511
Gm5814,0,0.130760419639066
Igkv9-123,0,0.130744158014259
Slc6a4,0,0.130495874413018
Hist1h2br,0,0.130476470362327
Gm4985,0,0.130414633366023
Lncpint,0,0.130380690536699
Olfr132,0,0.1303398915013
Dbp,0,0.130326207938349
4933428C19Rik,0,0.13026694466803
Tsga10ip,0,0.130134366292491
Olfr1427,0,0.129996154697784
Il17ra,0,0.129951477823507
Gm16052,0,0.129914557977814
Prrx2,0,0.129840837339932
Myo1a,0,0.129826865503816
Mill2,0,0.12981656724555
Cd96,0,0.129738221850611
Ifi44,0,0.129414602166409
Gm10640,0,0.128907344171064
Stat2,0,0.128756432452901
Fzd10,0,0.128747937637685
Actl7a,0,0.128711544461391
Tnnc2,0,0.128131285417195
Sema7a,0,0.127997879785373
Syn2,0,0.12781050405009
Scgb1b27,0,0.127807018008184
Col6a5,0,0.127764197131754
Grap,0,0.127636735840948
Plxna1,0,0.127533048308207
Ankrd6,0,0.126945349730741
Ifi27l2a,0,0.126901323849206
Mir670hg,0,0.126829148864061
Fam184a,0,0.126824702502717
Ube2l6,0,0.126486106430012
Klhl34,0,0.126200745871136
Gm44591,0,0.126170309696475
Tagln3,0,0.12578039680739
Gm20109,0,0.125767304527047
Wwc1,0,0.125729995599224
Ccdc54,0,0.125721953649592
Cnp,0,0.125682846485854
Olfr355,0,0.125628368511818
Dapk2,0,0.125386519886329
Frmpd3,0,0.125087217613191
N4bp3,0,0.12507618768282
Zfp963,0,0.124990255803568
Trnp1,0,0.124712914648545
Gm14403,0,0.124625492001976
Tlx3,0,0.124625492001975
Gm44696,0,0.124614084603982
Hspb8,0,0.124582245755403
Ism1,0,0.124563462456731
Cd22,0,0.124529553276259
Hoxc12,0,0.124420415432172
Src,0,0.124390018946588
Klk1b11,0,0.124311293269939
Unc13d,0,0.124093656116154
Olfr65,0,0.123967304801082
Ugt1a10,0,0.123937080172
Dner,0,0.123884934267991
Txndc8,0,0.123822743406426
Ch25h,0,0.122883842157348
Il20,0,0.122865628011351
Arhgap27os2,0,0.122828682688269
Hist1h2bq,0,0.122783728234165
Gm29506,0,0.122765794460302
Hba-a2,0,0.122728588691755
Lgmn,0,0.122623716106694
Ms4a4c,0,0.122583204359784
Gm14244,0,0.122542210010295
Kcnip4,0,0.122345912531727
Dnmbp,0,0.122019898439159
Atp6v1g2,0,0.121940282632008
Gm13631,0,0.121829668671118
Tppp3,0,0.121749641162608
Cntnap4,0,0.121241760035728
Slc25a35,0,0.121096177962665
Dock10,0,0.121078285776088
1700019N19Rik,0,0.121056084510934
2700068H02Rik,0,0.120739703824097
Ren1,0,0.120685651983892
Scn1b,0,0.12067424417669
Pck1,0,0.12033463442771
Casp14,0,0.120216447011842
Ces1d,0,0.119965880213121
Marcks,0,0.119946639808158
Isg20,0,0.119242266907545
Otop2,0,0.119009979862807
4922502D21Rik,0,0.118914986943996
Sh2d4a,0,0.118269733576007
Pou4f3,0,0.118222864237111
Fry,0,0.118066715266697
AA645442,0,0.117991691561136
Atoh8,0,0.117981381387287
Amhr2,0,0.11780407577035
Sbpl,0,0.117729465387449
Taco1os,0,0.117721530455085
Gm11823,0,0.117615698507148
BC024139,0,0.117353922539313
Myom1,0,0.117318746382235
Chrd,0,0.116960905821535
Hist3h2a,0,0.116482998983307
Kcnv2,0,0.116479296791628
Gm11627,0,0.11646594419061
Gm17435,0,0.116307853812999
Ccdc114,0,0.116275638553702
Pdgfb,0,0.116239315732149
Atp1b2,0,0.116131162163745
Tpm2,0,0.116085872520983
Gpr143,0,0.116066158365933
AW011738,0,0.116013824979426
Aldh1a1,0,0.115705818931455
Flrt1,0,0.115609340805496
Tmem56,0,0.115534419653544
Dhrs9,0,0.115532764908126
Islr,0,0.115529170664071
Popdc2,0,0.115477398382996
Slc1a7,0,0.115375255972881
Il2rb,0,0.115369764445006
Ccser1,0,0.115110146455792
Rsph9,0,0.115101417377977
Trim21,0,0.114694766826356
Ear1,0,0.114618140564944
Igf1os,0,0.114610676790393
Fam46c,0,0.114392225527164
Mpped2,0,0.11423234372724
Ucp1,0,0.114222505815003
Gm15558,0,0.114188605039898
Sfxn4,0,0.114174462217679
Lrtm2,0,0.114107474883984
Lgalsl,0,0.114075009978132
Pls1,0,0.113816589326006
Slc4a1,0,0.113699070991175
Syce1,0,0.113350854486047
Adgrl4,0,0.113135987401163
Nrbp2,0,0.113089452212977
Gm28111,0,0.112966822708021
Snca,0,0.112834269833836
H2-DMa,0,0.112723344744102
Prox1,0,0.112663638170505
Rasa4,0,0.112599453590845
Reg1,0,0.112568254091405
AI464131,0,0.112442866279919
Gpnmb,0,0.112329997549094
Smpd5,0,0.112313560631971
Tex33,0,0.112246720928994
Col16a1,0,0.111924544941998
Lrat,0,0.111869399815971
Nudt11,0,0.11182847224706
A330048O09Rik,0,0.111806713457501
Gm17173,0,0.111452299306418
Slc16a9,0,0.111193492144825
9330162012Rik,0,0.111173691613608
Nr4a3,0,0.111128004229044
Cyp21a1,0,0.11105376079894
Arrdc5,0,0.11105376079894
Gm13528,0,0.110587400584294
Crtac1,0,0.110434487956729
Pla2g1b,0,0.110318136326118
Ablim1,0,0.110282101271482
Pltp,0,0.110270471125841
Duxf3,0,0.110256340811224
Tecta,0,0.110059266425974
Pcdhb6,0,0.109975521093934
A530076I17Rik,0,0.109972002180759
Engase,0,0.109823251565501
6030468B19Rik,0,0.109777859107695
Gm14010,0,0.109737049699963
Ccnd1,0,0.10964973104757
Tvp23bos,0,0.109635077128503
A830011K09Rik,0,0.109178797681302
Itga3,0,0.108890856792459
Nfkb2,0,0.108860486325976
Rbms3,0,0.108432628532491
Prl,0,0.108325057442593
Ksr2,0,0.108307191817155
Loxhd1,0,0.108226745107482
Bcan,0,0.108172130144342
Il1a,0,0.108030877385019
Pcmtd2,0,0.107972307241242
Gm5441,0,0.107900687741567
Lynx1,0,0.107790467595615
Oprd1,0,0.107272434491072
4930448A20Rik,0,0.107158432519524
Haao,0,0.106944623893063
Gm15894,0,0.106531787935281
9230114J08Rik,0,0.106038439999447
Trp53i11,0,0.106013840116965
Olfr330,0,0.105714110311715
Ccdc68,0,0.105610057721493
Pcdhb9,0,0.105560953164058
Paqr5,0,0.105491537425223
Trpv5,0,0.105420786119094
C030017D09Rik,0,0.105131891150524
Rasgrf2,0,0.1044157278069
Stfa3,0,0.10387183099438
Sertad4,0,0.103751921011649
Igf2,0,0.103551120656523
Sppl2c,0,0.103542092258801
Zfp503,0,0.103426712279282
Oas3,0,0.103409553522168
Fn3k,0,0.103124712456075
1500026H17Rik,0,0.103086738144118
Ccdc169,0,0.1030294492962
Olfr464,0,0.102681186337631
Tac2,0,0.102619325710357
Unc45b,0,0.102589717348008
Fam216b,0,0.102515836497735
Fam167a,0,0.102433664629397
Sox4,0,0.102431038392769
Gm20715,0,0.102220067557985
Esm1,0,0.101719870436882
Lrrc72,0,0.101707118980129
Ntn5,0,0.101648491192574
Igtp,0,0.101550470879656
Dntt,0,0.101445327437466
Olfr887,0,0.101432293850035
Cd79a,0,0.101291842464695
Lgr6,0,0.101162331973031
Miat,0,0.101116441336716
9630013D21Rik,0,0.100950966595409
Skint3,0,0.100622512474754
Ebf1,0,0.100406937919048
Stfa2,0,0.100401380404827
Mafb,0,0.100243178034995
Fam227a,0,0.100167239178812
Nfkbiz,0,0.100164180295311
Sdc3,0,0.0999066133847834
2610028E06Rik,0,0.0998380250972882
Prss30,0,0.0998307129632317
Sulf1,0,0.0997797273499597
Phyhipl,0,0.0996183451530676
Atp6v1c2,0,0.0996033857748388
Sec1,0,0.0995223796443927
Cyp17a1,0,0.0993652984265027
Grm8,0,0.0992922866739291
Foxa2,0,0.099184617180419
Bmp8b,0,0.0991685018079076
Hnf4a,0,0.0991228087108357
Cfhr1,0,0.0991228087108353
Acvrl1,0,0.0991121944079157
4930504D19Rik,0,0.0990562029093184
Mnda,0,0.0989580749932077
Rtn1,0,0.0988582021879145
Gm19583,0,0.0986995247126602
Them7,0,0.0986698764924911
Unc5d,0,0.0983100379224403
Cyp4a12b,0,0.0980990306079608
2810403D21Rik,0,0.0980877655139166
D630024D03Rik,0,0.098071938817447
Trp53inp1,0,0.0979922252599311
Murc,0,0.0978818118667259
Igf1,0,0.097570863698403
Nsg2,0,0.097552701068517
Blk,0,0.097552701068517
BC100530,0,0.0974127846036287
Zim3,0,0.0973196251485498
Pianp,0,0.0972618068258572
B3gnt6,0,0.0969711707684021
Gm13262,0,0.096971170768402
Ube2dnl1,0,0.0963207673744633
Cd27,0,0.0959715293794945
Gm17767,0,0.0956919367605158
Gm44764,0,0.0954346657311559
Tgm2,0,0.0953758293345057
Pla2g4e,0,0.0953686103649098
Gm15759,0,0.0953189525206471
1110002J07Rik,0,0.0951693291785594
Ndrg4,0,0.0950077996839295
Gm5468,0,0.0947798853860352
9630013K17Rik,0,0.0944612911563279
Crisp4,0,0.0942775648533345
Fbxo41,0,0.094071942138445
Abcg5,0,0.0937360508844433
Gm20559,0,0.0935560380135735
Itgax,0,0.0934250157747239
2210407C18Rik,0,0.0928838985743992
Gm13219,0,0.0927953409047063
Gm15609,0,0.092723280499807
Ing1,0,0.0924930834834841
Sema6d,0,0.0922542463732293
Pf4,0,0.0920429353941614
Chrdl2,0,0.0919263150169332
Il17rb,0,0.0918770344743206
Palm2,0,0.0918770344743197
Gpc3,0,0.0916631918415305
Ceacam15,0,0.0916200180851703
Mmrn1,0,0.091388835301579
Cd226,0,0.0910132719694823
1700007G11Rik,0,0.0909416598779963
Ermap,0,0.0908863827449277
Usp51,0,0.0908125765937664
Appbp2os,0,0.0907955394457324
Bmp2,0,0.0905702784077874
2010300C02Rik,0,0.0902107810790895
F11,0,0.0898757424976496
Tril,0,0.089657813579697
Rhbdl3,0,0.0896082042262887
Tead3,0,0.089591091317697
Olfr684,0,0.0895299931365574
Tfap2b,0,0.0894411172524133
Ctr9,0,0.0894402610223109
Gpr82,0,0.0893884964928149
Tesc,0,0.0890803753782842
8430436N08Rik,0,0.0885632609622909
Tceal3,0,0.0884998272338988
Cryaa,0,0.0884398616447038
Tbx4,0,0.0883793694703822
Gas6,0,0.0882071210515055
Gm12915,0,0.0879699325675492
Cacna1b,0,0.0874742072654417
Olfr648,0,0.0874627575370615
Agbl4,0,0.0874006427909255
Cecr6,0,0.0873271252964942
H2-T24,0,0.0870635678472223
Gm12301,0,0.0867602754350797
Gprc5b,0,0.0866409566598739
Apol10b,0,0.0862399254925538
Treml1,0,0.0862069548622277
Ptchd1,0,0.0858638563637269
Porcn,0,0.0855495418127402
BC048679,0,0.0855410214201273
Drd3,0,0.0854256360236287
Lca5l,0,0.0852893455229885
Col25a1,0,0.0852691933071357
Aldh1a2,0,0.085255493901269
Fam181b,0,0.0851409450220667
Uts2r,0,0.0851021343694588
1700015O11Rik,0,0.0850521411773993
Vldlr,0,0.0850267942497515
Jhy,0,0.0847757043213739
Selp,0,0.0846945955748108
Gm20465,0,0.0846914799586274
Gm17200,0,0.0845877234245735
Inhbb,0,0.0839851137044263
Vmn1r231,0,0.0838639401472563
Notum,0,0.0838238324581449
Tceal5,0,0.0836506635037709
1700129C05Rik,0,0.0835479018972523
Fjx1,0,0.0835479018972522
2200002D01Rik,0,0.0835450363943651
Gm15984,0,0.0833859918420786
Cldn34d,0,0.0833184072724133
Mapkbp1,0,0.082587644365152
Flt3,0,0.0822568269709459
Prss35,0,0.0819303854464846
Egr2,0,0.0813596229568359
Nlrp4a,0,0.0812375391866206
March11,0,0.0812042308589555
Gm29017,0,0.081190564309779
Krtap4-2,0,0.0806981638291596
Gm10570,0,0.0806291032307302
Hist2h3c2,0,0.0805745275960214
Wfdc12,0,0.0801207720905942
Ccr3,0,0.0800629892321021
Gm11769,0,0.0797848280092211
4931429P17Rik,0,0.0797779615668419
Gm8909,0,0.0792524637470759
Hrh3,0,0.0789349107187507
Emx2,0,0.0781960183773508
Tbx15,0,0.0781484946036288
Rragd,0,0.0779206805326316
Gbp2,0,0.0778917771362573
Olfr938,0,0.0777638293880059
Gprin3,0,0.0774440702416354
Cited1,0,0.0773453837960906
Cd2,0,0.076518044855346
Gm14435,0,0.0765007225743642
Cxcl16,0,0.0764286113827744
Dnase1l3,0,0.0760989179415843
Nudt17,0,0.076000075458835
Dcstamp,0,0.0757289358745129
Cort,0,0.0753113093868585
4933406P04Rik,0,0.0751200398071112
C1qc,0,0.0750818639327439
H2-DMb1,0,0.0749024821170853
Pramef12os,0,0.0744404314178173
Car4,0,0.0743864590760451
Kcnmb4,0,0.0739759241518236
4933439K11Rik,0,0.0736934472640204
Gm26596,0,0.0735615470351179
4930402F06Rik,0,0.0735312401648911
Sema5a,0,0.0734519918450343
Gm20754,0,0.0732589166886339
Helz2,0,0.0731916547438602
Gm13986,0,0.0731724844716627
Olfr801,0,0.0730352401806103
Kcnj12,0,0.0730292167818505
Cib3,0,0.0729741108339529
Nkd1,0,0.0728304553355544
Fndc3c1,0,0.0722809671136795
Adm,0,0.0721130198381953
Arid4b,0,0.0713294402586683
Kir3dl1,0,0.071010857073416
Gm11762,0,0.0709283572721883
Fabp7,0,0.0709283572721882
Sncaip,0,0.0707021119153553
Platr23,0,0.0702969352430615
Tnfrsf4,0,0.0699094684842236
Krt6a,0,0.0689457323232711
Cd36,0,0.068591369712715
4930519F16Rik,0,0.0685512803875445
Myl9,0,0.0684925779634127
Gm12764,0,0.0683894636913185
Mpl,0,0.0683167593396614
Slc22a13,0,0.0678917988236123
Phlpp1,0,0.0678406083711414
Cst10,0,0.0678235685712105
Gm16201,0,0.0677636946245304
Cd4,0,0.0674027372562473
Gpr75,0,0.0668314247552434
2610037D02Rik,0,0.0662893039607308
AI593442,0,0.0652671319961121
Ccl12,0,0.0652196239879041
Fam71e2,0,0.0651860092794104
Pcdhgc3,0,0.0649983908671478
Atp6v0d2,0,0.0645265239100785
C130074G19Rik,0,0.0644122634803775
9430041J12Rik,0,0.0643909679263846
Clec1b,0,0.0642523830399382
Asb13,0,0.0641693188856908
Pan3,0,0.0638074517548297
Mageb18,0,0.0630925325757243
Gm19667,0,0.0626762839657443
4930578M01Rik,0,0.062670803092144
Topaz1,0,0.0615860629329273
C1qb,0,0.0614532329415093
Riiad1,0,0.0613624771217459
4930565N06Rik,0,0.0612829807598087
Gm20420,0,0.0605470166980286
Irf9,0,0.0604017555251718
Lrrc56,0,0.0593102860100896
Klb,0,0.0592827506903683
1700001J03Rik,0,0.0591577728091326
Ccdc3,0,0.0590143593298476
Klhl20,0,0.0589362990825081
Zfp551,0,0.0584711685386612
Capn3,0,0.058323008398654
Naip1,0,0.057783830363803
Olfr385,0,0.0577457929636595
C1qa,0,0.0577144967896696
Vmn1r51,0,0.0573663718381691
Fstl1,0,0.0573265773291913
Apol11b,0,0.0572647113835375
Olfr1205,0,0.0572189471241372
Ooep,0,0.0571077881511325
Cd83,0,0.0562919494156836
Lad1,0,0.0561928598560011
Gm867,0,0.0558263631606972
Ppp1r14a,0,0.0556901399240047
Mx1,0,0.0550109045867404
Ccr7,0,0.0549756202633895
G6b,0,0.0548112857144223
Cdhr1,0,0.0546842796937353
Khdc1a,0,0.0546842796937353
Daxx,0,0.0534735595504567
Cfap70,0,0.0526424776730297
Bcam,0,0.0517735924682226
Alox12,0,0.0517178907680425
Egfem1,0,0.0512770053535967
H2-Aa,0,0.0506308206417218
Cts7,0,0.0500408541049177
Muc6,0,0.0497061507723093
Olfr1243,0,0.0494418629570043
H2-Eb1,0,0.0488381653365594
Ly6g6f,0,0.0487671665302279
Ntsr2,0,0.0486422490970132
Ppbp,0,0.0482708517374649
H2-Ab1,0,0.0478363646058227
1700066B17Rik,0,0.0476479693628669
Olfr152,0,0.0454539281678297
Gm37041,0,0.0445844780952501
Anks6,0,0.0429225366431501
Mesp2,0,0.0424529568899977
Adam23,0,0.0421854270716451
Gm9979,0,0.04087140340533
2310007B03Rik,0,0.0404028505901188
Cflar,0,0.0383323727432808
Gm266,2.22044604925031e-16,0.0376622725545663
Plet1,4.44089209850063e-16,0.0373974874826002
Adcy5,1.22124532708767e-15,0.0367831687452514
