Gene,Score
Cpa6,1.2048993e-05
Slco5a1,0.0
Fam135a,6.67016e-05
Neurl3,0.0021522888
Sema4c,0.00040587614
Fam178b,4.8205988e-05
Aff3,0.00054616004
Tbc1d8,0.004348876
Rnf149,0.0053263246
Gm16894,0.00035312015
Slc40a1,0.005561767
Nabp1,0.0033761368
Mfsd6,0.0035462473
Dnahc7a,0.0001513905
Stk17b,0.0049300836
Hecw2,0.00017664953
Rftn2,0.0003200997
Boll,0.0
4930558J18Rik,0.00021794053
Raph1,0.002334093
Plekhm3,0.0010783885
Ikzf2,0.0021667778
Fn1,0.00013215031
Mreg,0.0007729908
Igfbp5,0.0
Tns1,0.0016036836
Cxcr1,0.0
Ptprn,0.000107760934
Epha4,0.0
Serpine2,0.0009625677
Pid1,0.00056013704
Slc16a14,0.00016904477
Gpr55,0.00012966913
Usp40,0.0012346731
Arl4c,0.0026369274
Per2,0.00025818133
Pdcd1,2.6194826e-05
Rnf152,3.816345e-05
Bcl2,0.0017230544
2900060B14Rik,0.0005909058
Tmem37,0.000119525575
Marco,3.55861e-05
Cd55,0.0024317899
Cdk18,0.0020092144
Lax1,0.00019742636
Btg2,0.0019139642
Ppfia4,2.9023486e-05
Ptprv,0.0001648288
Pkp1,0.00014536941
5730559C18Rik,0.0
Gpr25,0.0
9230116N13Rik,0.00022703662
Rgs2,0.0027650816
Rgs1,0.0012594633
Rgs18,0.0049296897
E330020D12Rik,0.00047000113
Atp1b1,0.00034510766
Xcl1,0.0
Gm7694,0.0020691613
Pcp4l1,0.00019643456
Nit1,0.00013257314
Nhlh1,0.0
Pea15a,0.0026088222
Slamf8,0.00041941495
Fcer1a,0.0014154672
Darc,0.00020438322
Cadm3,0.00013977442
AI607873,0.0010443161
Ifi204,0.0005684977
Mndal,0.0014636719
Mnda,2.1332877e-05
Ifi203,0.0030659584
Gm5069,0.00018923456
Enah,0.00096256286
Capn2,0.0029611941
1700056E22Rik,0.00018583014
Mark1,0.0
Tgfb2,0.00010855131
Vash2,0.0003468599
Atf3,0.0011444965
Hsd11b1,0.005469201
G0s2,0.0060591013
Prex2,0.0
Crispld1,0.0
Il1r2,0.0035102838
Il1r1,0.0015037144
Il1rl1,0.0024404386
Il18r1,0.00035943766
Cd28,0.0034036
Icos,4.8585323e-05
Adam23,0.00019404273
Cxcr2,0.0034471343
Pnkd,0.0004583894
Speg,0.00012326204
Tmem198,0.0
Sp140,0.0013610687
Itm2c,0.005400966
4933407L21Rik,0.0
2810459M11Rik,0.0
B3gnt7,0.0006199393
3110079O15Rik,0.0
Gm19589,0.0
Espnl,0.00014439902
Klhl30,0.0
Capn10,0.00047427297
Bok,0.0003705079
Tnfrsf11a,0.00018855113
Serpinb2,0.001304592
Serpinb10,0.001994466
Tfcp2l1,3.607792e-05
AA986860,0.000115432515
Il10,3.6448775e-05
Ctse,0.0005351235
5430435G22Rik,0.0017309922
Slc45a3,0.00028026552
Elk4,0.0003894945
Chi3l1,0.004960166
Kdm5b,0.002116441
Phlda3,0.00099855
Tnni1,0.0
Lad1,1.2255743e-05
Tmem9,0.0028858432
Gm19705,0.00052578066
Ptgs2,0.00031420853
Fam129a,0.0017826718
Rgs8,0.00014530272
Glul,0.0030519476
Serpinc1,0.0
Sell,0.008903888
Selp,0.0006988186
Olfml2b,0.0056157666
F11r,0.0031197423
Cd244,0.0018667234
Cd84,0.0034500065
Pyhin1,0.0013853499
Pydc3,5.5859764e-05
Kmo,0.00020390874
1700047M11Rik,0.00031652558
Dusp10,0.00039889262
Ptpn14,6.282206e-05
Irf6,0.00015099632
Cd34,0.004275838
A330023F24Rik,0.00022984364
Syne1,0.0068955123
B230208H11Rik,0.0023218784
Stx11,0.0018718734
Ect2l,4.3295186e-05
Slc35d3,0.00027325167
Tcf21,0.0
Arg1,0.00011067642
Zufsp,0.00035507168
Marcks,0.001257595
AI317395,0.0
Foxo3,3.2201748e-05
Aim1,0.0027263945
Prdm1,0.00011725578
Ddit4,0.0011454042
Cdh23,1.4679856e-05
Susd2,0.00022853033
Ddt,0.0027290871
Gstt1,0.00083954784
Mmp11,0.0
Dip2a,0.0028476478
Col18a1,0.0018077475
Trpm2,0.0011156208
Pdxk,0.0059251166
Bc1,0.0
Sbno2,3.127042e-05
Lingo3,0.0
Celf5,0.00010640366
S1pr4,0.0030147457
Tle6,0.0002447455
Slc41a2,0.00019810714
Aldh1l2,0.00014512103
C330046G13Rik,0.00027462642
Nr1h4,0.0
Slc17a8,0.0
Gm15915,0.0039775996
Plxnc1,0.0019684266
Socs2,0.004082369
Tmtc2,0.0006997936
Kcnmb4,0.0
Lyz2,0.01199068
Lyz1,0.0003929278
Hmga2,0.0014590409
Msrb3,0.00018578443
Rassf3,0.003449477
Srgap1,8.048551e-05
A130077B15Rik,0.0
Arhgef25,0.000300278
Kif5a,1.2047647e-05
Lrp1,0.0024391778
Suox,0.00064471475
Esr1,6.6410954e-05
Hivep2,0.000347724
Perp,0.003178576
Gm20139,0.0
Il22ra2,9.6640215e-05
Sgk1,0.0012413362
Fyn,0.0018898208
Scml4,0.00013735188
Pdss2,0.0
Popdc3,0.0
Gp49a,0.00762829
Lilrb4,0.016662246
Pkib,0.0015251582
Psap,0.010027056
Npffr1,0.0
2210417K05Rik,0.0007003029
Pbld2,9.767774e-05
Egr2,0.00022649365
Ank3,0.00013350282
Slc16a9,0.00015318618
Gnaz,0.0002913317
Adora2a,0.00025993073
Gzmm,0.00016148586
Prtn3,0.016368758
Elane,0.021489572
Gadd45b,0.0021202508
Zfr2,7.790675e-05
Tbxa2r,0.00016493908
Tle2,1.2186371e-05
BC025920,7.435883e-05
Tcp11l2,0.0019306171
Rfx4,0.00012844476
Timp3,0.0008461805
Igf1,0.0005234141
Hal,0.00053543923
Dusp6,0.0031952101
Gm15663,0.00014449879
Pawr,0.00015221525
Phlda1,0.0015665756
Tspan8,0.00019405875
Wif1,0.0
Avil,0.00045216887
Tespa1,2.7233267e-05
Gas2l1,7.6283072e-06
Emid1,0.00036306644
Ddc,0.00015978463
Cobl,0.00076867273
Plek,0.0066120224
Meis1,0.0013284183
Lgalsl,0.00095470675
Adra1b,0.0
Irgm1,0.0027578664
Gm5431,2.6212798e-05
9930111J21Rik2,0.00014891796
Tgtp2,1.6519445e-05
Ltc4s,0.0005537665
Zfp2,0.0
N4bp3,0.00064518116
Il4,0.00044478
Il13,0.000113460206
Csf2,0.00017717479
Anxa6,0.0070257927
Fat2,8.889005e-05
2210407C18Rik,0.00014124135
Rasd1,1.7993121e-05
Ulk2,0.0013717366
Zfp287,0.00019762167
Alox8,0.0005016583
Kdm6b,0.001976289
Dnahc2,0.0
Atp1b2,0.00043054207
Cd68,0.0029114624
Kctd11,0.00043271124
Alox12,0.00015153368
Alox15,0.00034863222
Cxcl16,0.00035660595
Inca1,0.0
Spns2,0.003158719
Rap1gap2,0.0008112248
Fam101b,0.0034319814
Myo1d,0.0026670606
Ccl1,0.0
Slfn14-ps,0.0
Gas2l2,0.00016480616
Ccl5,8.8697525e-05
Ccl9,0.008915119
Ccl6,0.013582752
Ccl3,0.006793597
Epx,0.00039393667
Msi2,0.0024701175
Rsad1,0.00042901153
Pdk2,0.00013111805
Ngfr,0.0
Gm11517,5.790889e-05
Gpr179,2.2063936e-05
Srcin1,4.424986e-05
Ikzf3,0.00013118851
Gm12359,0.0
Top2a,0.010185114
Ccr7,0.00010144538
Jup,0.0005306521
Kcnh4,0.0
Mpp2,4.477134e-05
Itga2b,0.004679161
Prkca,0.0019244897
Gm11696,0.00032875536
Abca5,0.00021304397
Cd300lb,0.0020322916
Cd300c,0.00010481991
AF251705,0.006384281
Cd300lf,0.0033137552
Hid1,0.000111371424
Evpl,4.9409817e-05
Socs3,0.003925507
Timp2,0.004544926
Tbc1d16,0.000851776
Sgsh,0.00077267305
A430071A18Rik,0.00015605628
Actg1,8.360047e-05
Cd7,3.7562484e-05
Rab40b,1.8426072e-05
Pik3ip1,0.0009019729
8430429K09Rik,3.0826963e-05
Selm,0.0015457826
Osm,0.0035237372
Lif,0.0009345684
Ramp3,0.0
Gm11992,0.00012014739
Upp1,0.002129693
4930415F15Rik,8.868534e-05
Bcl11a,0.0023950662
Cpeb4,2.6370299e-05
Nsg2,0.0
Sh3pxd2b,0.0023781396
Il12b,0.0
Adam19,8.510011e-05
Havcr2,0.0018277289
Havcr1,0.0
Trim7,0.0
Grm6,0.00062211044
D930048N14Rik,0.0003365933
Sept8,0.0024219388
P4ha2,0.000121211204
Gm2a,0.0050744754
Gm12250,0.00026882783
Igtp,0.0014771331
Wnt9a,0.0
Myo15,0.0
Specc1,0.0016212239
Adora2b,0.0028476974
Kcnab3,0.00022229353
Sat2,0.00035265504
Sox15,8.4086045e-05
Zbtb4,0.0007046211
G630025P09Rik,0.0
Plscr3,5.1751118e-05
Clec10a,0.0006178073
Arrb2,0.0012140222
Zmynd15,0.00015457276
Gltpd2,0.0
Gp1ba,0.0002050346
Rabep1,0.0023405543
Xaf1,0.00015300272
P2rx1,0.0016314932
Camkk1,4.118703e-05
Itgae,8.314636e-05
E130309D14Rik,6.814717e-05
Rtn4rl1,0.000109880304
Inpp5k,0.0012502708
1700016K19Rik,0.00022400742
Bhlha9,4.4695997e-05
Slc6a4,0.0019469442
Aldoc,0.0034027335
Gm11201,7.6285573e-06
Tmem98,0.000761196
Ccl2,0.0005416576
Ccl7,0.00016016886
Ccl12,7.753222e-05
Slfn5,0.0015004904
Slfn1,0.001279732
Slfn4,0.000584567
Ccl4,0.005915067
Wfdc17,0.008803041
1100001G20Rik,0.02968335
Car4,1.5343318e-05
Tbx2,0.0001863331
Tbx4,0.0
Mir142,0.0001983948
Mpo,0.023968711
Cuedc1,0.0006643212
Tob1,0.0030518412
Col1a1,0.00033151257
Samd14,0.0015548791
Hoxb9,0.0
Hoxb8,0.0
Hoxb7,0.0
Skap1,0.00037494852
Mllt6,0.0014059453
Rara,0.0031099124
Igfbp4,0.0118454285
G6pc,0.00012786794
Rundc3a,0.0
Fzd2,0.0
Mapt,0.00018223358
Itgb3,0.0036343015
Ace,4.8430167e-05
Taco1,0.00053624844
Kif19a,3.6880476e-05
Rab37,0.001514909
Slc26a11,0.0003428317
0610009L18Rik,0.0003863817
Tspan10,0.0
Metrnl,0.0021037494
Mfsd2b,0.0006490719
Mycn,0.002037926
Trib2,1.4829644e-05
Lpin1,0.0016750857
Id2,0.0048857303
Rsad2,0.00026986678
Tspan13,0.0010521786
Scin,0.004713484
Lrrn3,0.0
Stxbp6,0.0001256392
Pygl,0.008616225
Trim9,0.00018346151
Rtn1,7.0331436e-05
AI463170,6.483688e-05
Rab15,0.0007113575
Zfp36l1,0.0021335375
Dcaf5,0.0017559656
Pnma1,4.4120137e-05
Tgfb3,0.0
Gpr68,0.0006274957
Lgmn,0.0032999658
Asb2,0.00030267908
Ifi27l2a,0.0015738897
Ifi27l2b,0.0
Bcl11b,4.669018e-05
Kif3c,6.950285e-05
Fam49a,0.00057494506
5730507C01Rik,0.0
Cmpk2,0.0016558064
Pxdn,0.0
Atxn7l1,0.0025905797
Twist1,0.0
Tmx1,0.0
Tomm20l,6.709189e-05
Rhoj,0.0026625032
Sipa1l1,0.0053621638
Acot3,0.0
Ccdc176,0.00013334828
Fos,0.0015075594
Gm10433,0.0
Chga,0.0
Otub2,0.0005747944
Ifi27l1,0.0017848458
Serpina3f,0.0
Serpina3g,0.0069786524
Slc25a47,0.00019347563
Dlk1,0.0026189915
Meg3,0.00011941649
Rian,0.0
Mirg,5.856546e-05
Pld4,0.003507976
Crip1,0.0024930395
Akr1c18,0.004766023
Akr1c12,0.001025325
1700016G22Rik,4.163615e-05
Hecw1,0.0
Slc17a4,0.0
2610307P16Rik,8.335296e-05
Mylk4,9.213913e-05
Serpinb6a,0.0016606918
Tubb2a,0.0019033253
4930447K03Rik,0.0
Tubb2b,7.453524e-05
Pxdc1,8.772632e-05
F13a1,0.004264653
Adtrp,0.00052914536
Gfod1,0.0019963738
Atxn1,0.0034128462
Wnk2,0.0
Gm2848,0.0001949517
Drd1a,2.3484232e-05
Pdlim7,0.005220831
H2afy,0.030431408
A230056J06Rik,0.0
Zcchc6,0.0005530665
Ctla2b,0.00062768953
Ctla2a,0.007420435
Gm16907,6.7457586e-05
Ctsl,0.0029456809
Zfp708,0.0004779495
Vcan,0.004607427
Rasgrf2,0.0
Cmya5,0.0
F2r,0.008290172
Hexb,0.003471849
Map1b,0.00016202552
Naip1,1.4535159e-05
Ocln,0.0
Rgs7bp,0.0003544749
Gapt,0.0041584354
Gzma,0.0
Calm4,0.0
Akr1c13,0.0035190473
Nid1,0.0
Gli3,0.0
Hist1h2bp,0.0
Hist1h1d,0.000107662745
Hist1h4d,0.00017433721
Hist1h2bc,0.001995922
Hist1h1c,0.004653425
Cmah,0.00012432222
Mboat1,0.0034515169
Irf4,0.0001631995
Foxq1,0.0
Serpinb6b,0.00020694826
Serpinb9,0.00045473225
Ppp1r3g,0.00028361028
Ly86,0.00042548336
Gcnt2,0.0030639612
Edn1,5.992811e-05
Cd83,3.2625794e-05
Gmpr,0.004788719
Gadd45g,0.0016365636
Arl10,0.00013773271
Tgfbi,0.008361254
Tppp,8.5996326e-05
Mef2c,0.0023172747
Edil3,0.0
Hapln1,0.0
F2rl2,0.0030192945
Fam169a,1.8960343e-05
3830408C21Rik,5.146447e-05
Plk2,0.00034540647
Il6st,0.0022630875
Ppap2a,1.3524728e-05
Esm1,3.7555485e-05
BC147527,0.0
Dnase1l3,0.00012294801
Ube2e1,0.0
Usp54,0.00024235666
Ndst2,0.0021596793
Dusp13,1.7360817e-05
Zfp503,0.00035303662
Gm10248,0.00011164229
Zcchc24,0.00035117153
Dnahc1,2.1917682e-05
Sh3bp5,0.0020079808
Sncg,4.196681e-05
Ccser2,0.0017372157
2610528A11Rik,0.00042261716
Fam213a,0.0005326813
Ear1,0.00015706307
4930431P03Rik,0.0001789949
Ero1l,0.0037225143
Ddhd1,0.0035433501
Bmp4,0.0
Gch1,0.0011393381
Rnase12,0.00036088342
Ndrg2,0.0038151473
Zfp219,0.00010894916
Sall2,0.00012131182
Cebpe,0.004909535
Slc7a8,0.00358636
Mdp1,0.00040686625
Cma1,0.0006044898
Mcpt-ps1,0.0
Mcpt4,0.0
Mcpt8,0.0069991974
Ctsg,0.014623088
Gzmc,0.00019478866
Gzmb,0.0066993604
Phf11b,3.5182526e-05
Phf11d,0.0
Dleu7,4.00234e-06
Blk,0.0
Msra,0.00485885
Ephx2,0.00013858474
Ppp3cc,0.00025532828
Tnfsf11,2.9067192e-05
Dach1,0.0038400998
Tbc1d4,0.0006855169
4933432I03Rik,6.221785e-05
Dzip1,2.1607755e-05
Gpr18,0.00015343638
Gpr183,0.0012064949
Flnb,0.0023806307
Ptprg,0.0013805975
Atxn7,0.0033826896
Plau,0.0005128026
Vcl,0.010414381
Arhgef3,0.002543282
Erc2,6.518481e-07
Tnnc1,6.983606e-05
Lgals3,0.008221335
Rnase4,0.0021182036
Rnase6,0.00060768303
Ear6,0.00541637
Slc39a2,0.0008620318
Mmp14,0.0003224358
Dhrs2,0.0
Fitm1,2.9624465e-05
Irf9,0.0038387678
Ltb4r1,0.0037561643
Mcpt1,0.0
Mcpt2,7.63418e-05
Amer2,0.00040845032
Ctsb,0.01680192
Fam167a,0.0005218592
Loxl2,1.903699e-05
Dok2,0.0029717772
Lpar6,0.0013658191
Tsc22d1,0.0026333227
Enox1,1.3702188e-05
Epsti1,0.0013427738
Olfm4,1.4601257e-05
Pcdh17,0.0
Klf5,0.0009396013
Irg1,0.0004900628
Ubac2,0.005208356
Ptger4,0.0032689273
Slc1a3,7.970858e-05
Il7r,0.000791783
Basp1,0.0065256567
Fam105a,0.0058494196
Ankrd33b,0.00030418782
Dpys,0.00010253436
Samd12,0.0
Enpp2,0.0
Gm9920,0.0
Fbxo32,0.00018610302
Fam84b,0.0019012741
Tmem71,0.00090592116
St3gal1,0.0025981772
Lynx1,0.0
Ly6d,4.3874745e-05
2010109I03Rik,0.0
Ly6a,0.008355102
Ly6c2,0.03107741
Naprt1,0.00031512248
Nrbp2,0.0
Eppk1,3.81642e-05
Gm10872,0.00024571942
Slc39a4,0.0023450674
Apol9a,0.0002095046
Apol7c,4.587772e-05
Apol10b,0.0
Apol11b,0.0
Csf2rb2,0.0069230427
Tex33,5.9123595e-06
Tst,0.00075158454
Il2rb,0.0
Baiap2l2,0.0
D730005E14Rik,0.00029177015
Cbx7,0.00028492196
Desi1,0.0027600215
AI848285,0.0
Plxnb2,0.004204401
Odf3b,4.2644067e-05
Prickle1,0.000268225
2610037D02Rik,8.1770464e-05
Amigo2,0.0005642467
Ddx23,0.00018362637
Wnt10b,0.0
C330013E15Rik,0.00022432864
I730030J21Rik,0.00084921607
5430421N21Rik,9.976433e-05
Itgb7,0.0009636113
Calcoco1,0.0010549217
Gtsf1,0.0
Dab2,0.004038831
Fyb,0.0022709756
Lmbrd2,0.00018023785
Fam134b,0.0025287261
Ank,0.0027147844
Ctnnd2,0.0003689418
Cmbl,3.4233253e-05
Grhl2,0.0
Aard,0.0
Nov,0.0033473743
Trib1,0.00032525414
Myc,0.007385679
Ptp4a3,0.0058798892
Bai1,3.8383518e-05
Ly6f,0.0003123154
Zfp623,0.0005169672
Grina,0.004916331
Smpd5,6.758635e-05
Scx,0.00019481473
Apol9b,0.0
Csf2rb,0.01185709
H1f0,0.006210005
Kdelr3,0.00020218227
Sept3,3.671034e-05
Parvb,0.002157837
Shank3,0.0004205201
Lrrk2,0.00052403717
Cacnb3,0.0003024313
Wnt1,0.0
Mettl7a1,0.0019168736
Acvrl1,0.0003375004
Krt86,0.0
Krt18,6.818314e-05
Igfbp6,0.0004355959
Carhsp1,0.0035189772
Socs1,0.0031159045
Gp1bb,0.000667677
Klhl6,0.005061162
Gm15760,0.0001965672
Ehhadh,1.175077e-05
Bcl6,0.0009008266
1110054M08Rik,0.00033082505
Cldn1,0.0004601706
Gp5,0.00078907365
Muc20,0.00012965626
Gm933,0.0002033909
BC100530,0.0023589146
Stfa2,0.0006359669
Stfa3,0.00040657673
Slc15a2,0.00012982888
Timmdc1,0.00069368747
Gramd1c,0.00031626303
Cd96,0.0001296512
Gm4827,1.3607625e-05
5330426P16Rik,0.00064686657
2310005G13Rik,9.0516936e-05
Tiam1,0.0049517164
4932438H23Rik,0.00039561692
Pigp,0.0004654315
Brwd1,0.00068087556
Itgb2l,0.0068604983
Dscam,6.8894544e-05
Mx1,0.00014887746
Fam3b,9.030707e-05
Rpl39l,7.365938e-05
Ciita,0.0008021907
Gm4262,0.00014988006
Snn,0.00016880466
B3gnt5,0.0010825904
Ece2,0.0001999074
St6gal1,0.0003097079
Rtp4,0.0006117148
Il1rap,0.0
Hes1,0.0004636802
Fam43a,0.00063464476
Pigz,0.00017946333
Bex6,0.0017379008
Tnk2,0.0020973508
Lrch3,0.00010013261
Muc13,0.002807265
Mylk,0.0015370683
Parp9,0.0014723208
Stfa2l1,0.0018182162
Gm5483,0.0036038456
Gm5416,0.0003547881
2010005H15Rik,0.00081847137
Stfa1,0.003316755
Fstl1,0.00016807797
Popdc2,0.0
Zbtb20,0.00030482022
Cd200r1,0.0024640025
Cd200r4,0.002792039
Cd200r2,0.00027627006
Cd200r3,0.0014480647
Ccdc80,0.00036536928
Gcsam,0.000103797785
Morc1,0.0
Retnlb,0.0
Retnlg,0.0008185875
Impg2,0.0
Cpox,0.0026004529
Rbm11,0.00018882165
A930006K02Rik,0.00038527927
Dopey2,0.001795506
Pcp4,8.322375e-05
Bace2,0.00037592952
Mx2,6.0768172e-05
Tmem181c-ps,0.00019944929
Slc22a3,0.0029584253
Igf2r,0.0011243887
Dll1,0.0
Fpr1,0.0006227311
Mmp25,2.000105e-05
Prss30,0.0
Rab26,1.5010063e-05
Syngr3,6.8905065e-05
Rnf151,0.0
Tpsab1,2.9465227e-05
Dusp1,0.0012304146
Stk38,0.0030847967
Cpne5,0.00010941641
1700097N02Rik,0.0023058457
Rasal3,0.0016731578
Pglyrp2,0.00015630608
BC051537,4.2919204e-05
H2-Aa,0.0012667088
Hspa1a,0.0001513557
Apom,0.0
Lst1,0.006173036
Tnf,0.00261941
C920025E04Rik,0.00023343548
H2-M2,9.684444e-06
Crisp3,7.484776e-05
Crisp1,0.0012185345
Tmem151b,0.0
Rsph9,0.00017192216
9830107B12Rik,0.0011064782
A530064D06Rik,0.00056299585
Tspo2,6.3132626e-05
Satb1,0.0031325158
Lrg1,0.006029182
Nrtn,0.0004389189
Rfx2,0.0013939665
Dennd1c,0.0018809101
C3,0.004905952
Efna5,0.000249804
Six2,4.7046415e-05
Gm1976,0.0002237254
Sytl3,0.00023939535
Rsph3a,0.0
Ccr6,0.0
C030013G03Rik,0.0
Fpr2,0.0031682113
9530082P21Rik,0.0
Rpl3l,0.00053998694
Hs3st6,0.00010741945
Prss34,0.005270217
Tpsb2,0.00036464364
Tpsg1,0.00021605186
Crebrf,0.002271496
Phf1,0.000595768
Itpr3,0.0022375467
Pacsin1,1.771729e-06
Pi16,0.002221411
Abcg1,0.0012964116
Cyp4f16,0.0025280253
Pram1,0.001720142
H2-Oa,0.00073932874
H2-DMa,0.0014474476
H2-DMb1,0.0013338014
H2-Ob,0.00032834613
H2-Ab1,0.0009610446
H2-Eb1,0.0012003386
H2-Eb2,8.102477e-06
Btnl2,0.00012256019
BC051142,1.3252839e-05
Ltb,0.0012260004
H2-Q4,3.1330783e-06
H2-Q10,0.00026273745
Psors1c2,0.00026865446
Ier3,0.0031828
Gm6623,0.000108929315
Gabbr1,0.0012549709
Rn45s,0.011106654
Rhag,0.0005302815
Pla2g7,0.0016861093
Enpp5,0.0007637933
Dlk2,0.0
Trem2,0.002183716
Treml1,0.00029647566
Crb3,0.00023735635
Emr1,0.0043537184
Epb4.1l3,0.0
Myom1,8.8195025e-05
Ehd3,0.00077540684
Ltbp1,0.00019998963
Rmdn2,1.6263893e-05
Pkdcc,0.00038666156
Map3k8,0.0017639269
Zfp438,0.0003208666
Mkx,7.37709e-05
4930455D15Rik,0.0
4933408B17Rik,0.00021823322
Prob1,8.311323e-06
Cd14,0.0015569425
Pcdh1,0.00017003686
Spry4,9.0520356e-05
Gm4013,9.42409e-05
Gm4841,0.0
Smim3,0.0035949713
Synpo,0.00017871251
Ndst1,0.0044245184
Ablim3,8.817813e-05
Alpk2,0.00017804468
Ccbe1,0.0001276092
Rab27b,0.0013145085
Lipg,0.0072159334
Slc14a1,0.0018127259
Setbp1,0.0
Colec12,0.00018624544
Gata6,2.9497323e-06
Hrh4,7.993894e-05
Dsg2,2.4502155e-05
Lims2,6.269239e-05
Tslp,0.00027218644
Camk4,0.000117038304
Egr1,0.00062043674
Snhg4,0.002076352
Psd2,7.186734e-05
9430076G02Rik,0.0001948982
Megf10,2.4488476e-05
Gm4951,4.007815e-05
Iigp1,0.00032484546
Cd74,0.002433888
Camk2a,7.6061144e-05
Csf1r,0.0059858686
Spink10,7.68707e-05
Zfp532,0.0
Gm9926,4.425286e-05
Gnal,7.163719e-05
Tcf4,0.0034906727
Ccdc68,0.0
Epg5,0.0006931012
Pard6g,0.0005484618
Zfp516,0.0024262376
Ankrd13d,0.00029348658
Bbs1,6.6036286e-05
Ctsw,0.0
Neat1,0.004807706
Cdc42ep2,0.001171452
9830166K06Rik,0.00017749943
Tmem216,0.0036729109
Pga5,0.00018036625
Cd5,0.0
Cd6,1.230525e-05
AW112010,0.00059227186
Ms4a6d,0.005129829
Ms4a2,0.0033211317
Gcnt1,0.0031569293
Anxa1,0.013779166
Ankrd22,0.0011121877
Ch25h,0.00014109176
Lipa,0.005051346
Gm14446,8.457384e-05
2010002M12Rik,0.0014971326
Htr7,7.746692e-05
4931408D14Rik,0.0
Myof,0.0014618485
Rbp4,0.0
Blnk,5.6822955e-05
Crtac1,0.00010388406
Pyroxd2,0.00015923062
Cpn1,5.5503697e-05
Sec31b,0.0
Sh3pxd2a,0.0010839457
4930552P12Rik,0.0
Ablim1,0.0020556692
1700055N04Rik,9.390399e-05
Ptprcap,0.0038448381
A930001C03Rik,5.2341653e-05
4930481A15Rik,0.00023451216
Kcnk7,4.756868e-05
Ltbp3,2.4204086e-05
Batf2,0.00015698087
Fth1,0.034715075
Cybasc3,0.0021588493
A430093F15Rik,0.0
Ms4a4c,0.00095162
Ms4a6c,0.0074037756
Ms4a6b,0.0014698495
Mpeg1,0.009009797
Gm4952,0.0
C130060C02Rik,0.00038731884
Prune2,0.0008963208
Aldh1a1,0.0
Klf9,0.0010879077
Vldlr,0.00068981864
Slc1a1,0.00010635667
Ppapdc2,0.002351525
Cd274,0.0014079569
Pdcd1lg2,0.0025601492
Papss2,0.0020900026
Ifit2,0.001248826
Ifit3,1.4081688e-05
I830012O16Rik,0.00014378947
Ifit1,0.00034077597
Dntt,6.3279394e-06
Golga7b,0.0
Nkx2-3,0.00014885528
Nfkb2,0.0024776137
Neurl1a,4.4918517e-05
Rbm20,5.6170524e-05
Tcf7l2,0.0032603308
Eno4,0.0
Slc18a2,0.0013605374
Gata3,0.00014064311
Nacc2,0.0005094517
Fcnb,0.004151477
1700007K13Rik,0.0
Gfi1b,0.0009869656
1700001O22Rik,0.0
Lcn2,0.02482438
Traf1,0.00063979306
Dennd1a,0.0023146672
Neb,0.00033529542
Rprm,7.998033e-05
Itgb6,3.7132242e-05
Dpp4,0.00062343414
Fap,0.0
Scn3a,0.00010653331
Scn7a,7.413042e-05
Stk39,0.001099639
Ccdc173,0.0003556909
Cir1,0.00029302962
Smtnl1,0.0
P2rx3,0.0003318854
Creb3l1,0.0007795442
Cd82,0.0023253611
Fsip1,0.0
Mfap1b,4.178547e-05
Patl2,4.521616e-05
Fbn1,0.0
Hdc,0.0081970515
Kcnip3,0.00011193796
Ckap2l,0.005409735
Il1a,0.0
Il1b,0.001598279
Erv3,0.00015535568
Slc23a2,0.0022358529
Hao1,0.0004927765
Flrt3,0.0006898255
Acss1,0.0006613188
Nanp,0.0
Tgm2,0.00033578847
Mafb,0.0010354926
Kcns1,0.00013260072
Svs4,0.0
Slpi,0.019107586
Sdc4,0.00040070975
Sulf2,0.000667455
Nfatc2,0.0011660688
Bmp7,6.781634e-05
Zbp1,0.00089734636
Sycp2,5.337012e-05
Lama5,0.000738852
Prkcq,0.0011292647
Il2ra,6.770141e-05
Vim,0.021920407
Mrc1,0.0057208645
Plxdc2,0.0010093219
Etl4,9.0303746e-07
Thnsl1,0.00053559337
Il1f6,0.0
Il1rn,0.0025367194
Pnpla7,0.0030066895
Bmyc,0.00114381
Rxra,0.0008878183
Col5a1,0.0006562865
Olfm1,0.006306219
Slc27a4,0.0021811232
Aif1l,0.0
Fam102a,0.00082140625
Ak1,0.00022353772
Sh2d3c,0.0032940349
Fam129b,0.002521331
Nek6,0.0029786236
Lypd6,0.0
Fmnl2,0.0011674301
Prg2,0.0016660132
Prg3,0.0005181179
Aplnr,7.0362e-05
C1qtnf4,0.0
Rapsn,0.0016427952
Trp53i11,0.0003912472
Abtb2,0.00087362895
Cd59b,0.00013573487
Cd59a,9.3167284e-05
Mpped2,0.0
Thbs1,0.0017834916
5430417L22Rik,0.0024021717
Gchfr,0.0025798
Spint1,0.0061344355
Dll4,0.0
Capn3,2.3160239e-05
Map1a,5.2592106e-05
Sord,0.004293251
AA467197,0.0029759598
Sema6d,4.8838927e-05
Bcl2l11,0.0045635276
Zc3h6,0.00026809456
Sirpa,0.019149404
Hspa12b,0.0
Smox,0.0010395958
Prnp,0.0013292476
Bmp2,5.3996966e-05
Slc24a3,0.0017604625
Insm1,0.00027332883
Dnmt3b,0.0010754884
1700003F12Rik,0.0
Map1lc3a,0.002184538
Trp53inp2,0.0019474016
Spag4,0.0002819394
Myl9,2.1721278e-05
Ppp1r16b,0.0002463934
Hnf4a,0.0002165065
Wfdc2,0.0
Mmp9,0.0002154321
Cd40,2.8679238e-05
Eya2,0.00015988015
1500012F01Rik,0.00324613
Snai1,7.135788e-05
Edn3,5.6717796e-05
Gm14322,0.00016435684
Slc17a9,0.0024457448
Pcmtd2,0.0024820266
Il7,6.380489e-05
Pag1,0.002817845
Fabp4,0.0010102276
Car1,0.00024714653
LOC100038947,0.0007702202
Gm5150,3.9160852e-05
Cpa3,0.014800876
Gnb4,0.00050380535
Trpc3,0.0
Slc7a11,0.0019037467
Nbea,1.4638203e-05
Gpr171,0.00093981007
P2ry14,0.004934654
F630111L10Rik,0.0010269443
P2ry13,0.002416345
Igsf10,0.0
Gm6634,0.00013429458
Golim4,0.0064122397
Fnip2,0.0020144272
Gucy1a3,3.61238e-05
Tlr2,0.0019880715
Fam160a1,0.00051466783
Glt28d2,0.00038713575
1700113A16Rik,0.00026633005
Bglap3,0.0003377142
Bglap,0.0
Lmna,0.0011264341
Efna1,2.7612694e-05
S100a9,0.026395522
Ivl,0.00027083044
Riiad1,0.00014734111
Tuft1,0.0007407647
BC021767,0.0002796421
Ecm1,0.0010370859
Fcgr1,0.001596852
Nudt17,2.042451e-05
Cd2,1.458655e-05
Chi3l3,0.018664764
Csf1,0.0025227782
Gstm7,0.0
Gstm6,0.0
Gstm1,0.020951161
Ntng1,0.0
S1pr1,0.0004523579
Vcam1,0.0002856617
Agl,0.0027092872
Tmem56,0.00027245015
Ndst3,0.0
Cyp2u1,8.666528e-05
Sgms2,0.006726522
Clca1,6.5235625e-05
Spata1,0.0
Dnase2b,0.0005350765
Ifi44,0.0005026688
Gipc2,0.00019620197
St6galnac5,4.778663e-05
2510003D18Rik,0.00027516528
C030034L19Rik,0.00026563538
Fabp5,0.009714509
Gm9833,1.2139859e-05
Car2,0.0056267385
Cp,0.0
Tnfsf10,0.00030395912
Cldn11,0.00017433702
Bbs12,0.00038808052
Mgst2,0.005741413
Foxo1,0.00054859126
Gm2447,0.0
Sucnr1,9.604553e-05
P2ry1,0.0017314906
Kcnab1,3.413681e-05
Il12a,0.002466773
Fam198b,0.0023539118
Tmem154,0.0032254918
Fcrl1,0.00034691708
Sh2d2a,4.4487846e-05
Crabp2,0.000114490314
Nes,0.0
Nup210l,6.4877236e-06
S100a2,4.887172e-06
S100a4,0.008105387
S100a6,0.029855032
S100a8,0.028420977
S100a10,0.0076205046
Tdrkh,0.00022278087
Selenbp1,0.00048100014
Gm4349,0.00026300197
Ctsk,0.0007230424
Ctss,0.0049346043
C920021L13Rik,0.0
Txnip,0.004207786
Gja5,0.00030812697
AI504432,0.0016496197
Lrrc39,6.827196e-05
Arhgap29,0.0005262591
Abca4,5.763022e-05
Casp6,0.006816971
Bdh2,0.0
Slc9b2,0.0001108854
Emcn,8.084136e-06
Ddit4l,9.4139374e-05
Gbp5,0.0002068558
Gbp7,0.0025708717
Gbp3,0.0006397246
Gbp2,0.00072300347
Lpar3,0.0
Eltd1,0.00081797206
Slc44a5,6.772643e-05
Ptger3,0.0027649777
Penk,0.00085668603
Tox,0.0019645528
Car8,0.00022320077
Atp6v0d2,0.0007551174
Ddx58,0.0032116142
Ccl27a,0.00024351811
Fbxo10,0.00062536704
Anks6,0.0
AI427809,0.0
Klf4,0.0018559606
Epb4.1l4b,0.00085372047
Zfp37,0.0
Tnfsf15,2.551436e-05
Ttc39b,0.0012364393
Slc24a2,0.0
Ptplad2,0.0018959785
Cdkn2a,0.00085708016
Cdkn2b,0.00026874625
Tusc1,0.007973387
Jun,0.0034189841
Pcsk9,0.0020802536
Elavl4,0.0
Faah,0.00034938948
Lurap1,6.6691704e-05
Gm1661,0.0
Ptprf,0.000540746
Mpl,0.0003077839
Ermap,0.0008442069
Zmpste24,0.0046239304
Dnali1,1.8878305e-05
Gjb4,9.121579e-06
Zfp362,0.0016891914
Lck,0.0007484779
Tinagl1,0.0015612082
Rps15a-ps4,0.00016340552
Sytl1,0.00041826672
Trnp1,3.32198e-05
Cd52,0.009278085
Cnksr1,3.8323884e-05
C1qb,0.00016440453
C1qc,3.5633122e-05
C1qa,1.28612355e-05
Cda,0.0005783844
Nbl1,1.3259481e-05
Padi4,0.0046908376
Padi1,7.106121e-06
Ddi2,0.00015285015
Kazn,0.0
Pdpn,0.00038118823
Tnfrsf1b,0.005588819
Fbxo6,0.0017007419
Cort,0.0
Spsb1,8.511289e-05
Espn,3.968739e-05
Mmp23,2.1628239e-06
Tmem88b,0.0
Isg15,0.00077511894
Trp53inp1,0.0021301704
Rad54b,0.0012047777
Gem,0.0010448219
Cdh17,0.0012391605
1700123M08Rik,7.597486e-05
Runx1t1,3.739891e-05
Tmem64,0.0027043642
Faxc,0.0
Bach2,7.7489356e-05
Rragd,0.00013933741
Tmem215,3.5138208e-05
Atp8b5,0.00048590146
Rusc2,0.0006331682
Npr2,0.0004910793
E230008N13Rik,0.00036387998
Galnt12,0.001023684
Akap2,0.0009988063
4933430I17Rik,0.00024088573
Orm1,0.00058295525
Inadl,0.0
Ak4,0.0020063089
Pde4b,0.0012844045
Ppap2b,3.4992037e-05
Rab3b,0.0001398867
Bend5,0.0
Spata6,0.0013271719
Pdzk1ip1,0.00041119405
Cyp4a12a,0.00034905013
Cyp4a12b,0.00019402415
Slc6a9,0.0018476383
Col9a2,0.0008941439
Rhbdl2,0.0
Pou3f1,0.0
5730409E04Rik,0.00018547241
Col16a1,0.0
Sdc3,0.0001497833
Matn1,4.1604388e-05
Snhg12,0.00071088044
Fgr,0.0039219116
Fam46b,8.027881e-05
Rhd,4.7658825e-05
Runx3,0.0023109724
Ifnlr1,0.0007110484
Id3,7.97004e-05
Wnt4,0.0
Hspg2,0.0
Camk2n1,1.8502982e-07
Gm13032,4.6496927e-05
Padi2,0.0017525643
Epha2,0.00013982943
Agmat,0.0
Fv1,0.0
Tnfrsf9,0.00012986234
Plekhg5,0.0003299052
Tnfrsf25,3.2375323e-05
Gpr153,0.00012960812
Cep104,0.00031977976
B930041F14Rik,0.00069031207
Tnfrsf4,5.5707893e-05
Tnfrsf18,0.001608727
AW011738,0.00011432704
Rundc3b,9.303267e-05
Gm9758,3.8162918e-05
Gm17019,0.0
Cd36,8.8409295e-05
Gnai1,7.163198e-05
Poln,9.702743e-05
Lrpap1,0.0021432808
Hs3st1,0.00020219837
Fbxl5,0.004214383
Txk,9.70649e-05
Tec,0.0025726773
Ociad2,0.00052565674
Kdr,0.00031977316
Clock,0.000100196
Spink2,0.00056101574
Igfbp7,0.004438434
Epha5,0.0
Igj,0.0
Naaa,0.0035026195
Cxcl9,0.0
Cxcl10,0.00060427067
Cxcl11,0.0
Rasgef1b,0.00084585615
Gbp4,0.0
Tgfbr3,0.00062107475
Gfi1,0.004356219
Gm10416,0.0
Hscb,0.0026670627
Gm6583,0.00012395055
Oas3,0.00046266668
Oas1c,0.0003246524
Trafd1,0.0019984937
Niacr1,0.00082550937
Rilpl1,1.6714486e-05
Ccdc92,0.00019425998
Auts2,3.6135643e-05
Clip2,0.00027651156
Lat2,0.0050472976
Hip1,0.0023182107
Ccl24,0.0002833245
Serpine1,7.720024e-05
Irs3,6.223699e-05
Pilra,0.0020250329
Pilrb1,0.0012271053
Pdgfa,0.00051761983
Gna12,0.0
Card11,0.0006268769
Radil,0.0
Fbxl18,0.00024365589
Gm3925,0.0
Tecpr1,0.0019522723
Smurf1,0.0016682283
Kpna7,0.0
Zkscan14,0.00038360216
Flt3,0.00043229674
N4bp2l1,0.0028949
9330182L06Rik,0.00015078172
Sema3e,0.0
Pclo,0.0
Cacna2d1,0.0
Hgf,0.0014508989
Fgl2,0.0046087047
4831440E17Rik,0.00036472606
1700096K18Rik,0.0004392041
Actr3b,2.6016553e-05
Il6,0.0012271662
Gareml,5.3483247e-05
Nat8l,0.00019566728
Hgfac,0.00026294973
Ablim2,0.0
Ppp2r2c,0.0
Jakmip1,6.567144e-05
Evc2,9.385336e-06
Bst1,0.0031573146
Cd38,0.0021506269
Zcchc4,0.00018677775
5830416I19Rik,0.00058781804
Limch1,6.931338e-05
Slc10a4,0.0
Kit,0.0039353226
Enam,0.0
Cxcl5,0.00032621867
Ppbp,0.0020272315
Pf4,0.009029928
Cxcl3,0.00032718948
Cxcl2,3.845836e-05
Art3,2.5885354e-05
Shroom3,0.0
Spp1,0.012788069
Plcxd1,8.1383034e-05
Mn1,5.85627e-06
Fam222a,4.3523054e-05
Oasl2,0.00063048257
Oasl1,0.00081152143
Tesc,0.00050609047
Oas1d,0.0
Myl2,3.9687424e-05
P2rx7,0.0
P2rx4,0.0018338045
Hip1r,0.0022046627
Tmem132b,3.8288894e-05
Cct6a,0.0004581833
Stx1a,0.00020235725
Upk3bl,0.0
Rasa4,0.00092334166
Myl10,0.00017462477
Ephb4,0.0
Tfr2,0.0007766015
C130050O18Rik,0.00084794493
Sdk1,6.3579835e-05
Fscn1,0.0001773205
D130017N08Rik,0.00012950634
Gm15708,0.00052184344
Samd9l,0.0023971337
A430035B10Rik,2.0664593e-05
Ube2h,0.0027994462
Podxl,0.0041394103
Creb3l2,0.00032669248
Atp6v0a4,0.0
Zc3hav1,0.00016885772
Jhdm1d,0.0041065714
Slc37a3,0.00038969464
Tpk1,0.000389551
Gimap6,0.00033154077
Tmem176b,0.0023674697
Dfna5,0.0019918433
Hoxa9,9.9542056e-05
Hoxa10,4.5061093e-05
Jazf1,0.00089735107
Hpgds,0.0010510676
Gadd45a,0.002564374
Atoh8,0.00014387282
Vamp5,0.0024949894
2310069B03Rik,2.0754283e-05
Sema4f,0.00013321999
1700019G17Rik,0.0
Mxd1,0.0054223225
Anxa4,0.0068996698
H1fx,0.00016308714
Plxna1,0.0013221073
Iqsec1,0.0024183716
Lmod3,4.6431574e-05
Frmd4b,0.0014756264
Il5ra,9.8595774e-05
Oxtr,6.925081e-05
Gt(ROSA)26Sor,0.00010097522
Lhfpl4,0.0
4931417G12Rik,0.0
Alox5,0.009217936
Rassf4,0.0039276527
Zfp9,8.829975e-05
Iqsec3,1.0180435e-05
Apobec1,0.0023375205
Slc2a3,0.0046623955
C3ar1,0.003358252
Clec4e,0.006627434
Eno2,2.197579e-05
Gnb3,0.0
Leprel2,0.00027358494
Gpr162,7.694781e-05
Cd4,6.918685e-05
Ptms,0.005243995
Cd27,0.0011384911
Cd9,0.010629373
Ccnd2,0.0053503094
Klrb1b,0.0
2310001H17Rik,0.0015999024
Cd69,0.0022285925
4922502D21Rik,9.079979e-05
Clec7a,0.0025871126
Klrk1,0.0
Klri2,0.0
Klra2,0.0004818299
Hebp1,0.0011057961
Plbd1,0.0023786072
Gucy2c,0.0
Eps8,0.0031345373
Sox5,3.8133687e-05
Bhlhe41,0.0006204583
Itpr2,0.0012803839
Tmtc1,0.0
Col1a2,8.95286e-05
Cav1,0.000114167706
Ccdc136,0.0
Tspan33,8.651429e-05
Agbl3,5.1218805e-05
Trim24,0.0018308238
4930599N23Rik,7.246691e-05
Rab19,0.0003531488
Arhgef5,0.00029160024
Sspo,0.0
Gm5111,0.00016612344
Gimap4,5.6091744e-06
Gimap1,0.00028161105
Gimap5,0.00012338007
Tmem176a,0.00070086634
Gpnmb,0.0058322605
Npy,0.00021834683
Cbx3,5.4449327e-05
2700086A05Rik,0.0
2410066E13Rik,8.526138e-06
Aqp1,0.0003021265
Adcyap1r1,5.7850797e-05
Tnip3,0.00106858
St3gal5,0.0015590395
Capg,0.0032834662
Gm15401,0.0
Reg2,6.827893e-05
Gcfc2,0.00014315486
Dqx1,0.00019142323
Asprv1,0.0020061356
D6Ertd527e,0.00021716958
Gp9,0.00033873413
Gata2,0.018358514
Mgll,0.004382412
Slc41a3,0.0029113407
Hdac11,0.0
Fgd5,5.4860007e-05
Mitf,0.005629113
Chl1,9.687868e-05
Il17re,0.00014893943
Irak2,0.0018908554
8430408G22Rik,0.00024969206
Cacna2d4,0.0
Il17ra,0.0029889005
Usp18,0.0004281668
Aicda,7.285189e-06
Clec4a1,0.0019802619
Clec4a3,0.0014277179
Clec4a4,0.000126377
Clec4a2,0.0030181212
Clec4n,0.0041746437
Clec4d,0.004290564
Cd163,0.0
Acrbp,6.189867e-05
4930417O13Rik,6.2572326e-05
Vwf,0.00078249193
BC064078,0.000115467876
Klrb1f,0.0016176349
Clec2d,0.0016048098
Clec1b,0.00041655108
Klrd1,0.00020624086
Bcl2l14,0.00017133489
Cdkn1b,0.0033641674
Emp1,0.0020577693
Pde6h,0.0
Mgst1,0.005676893
Nlrp12,0.00015944666
Tarm1,0.0014892105
Oscar,0.000120705015
Lilrb3,0.004613479
D630041G03Rik,7.2759667e-06
Syt5,0.00015778487
Cox6b2,0.00039899815
Il11,1.4589442e-05
Zfp784,0.00018678175
Zfp551,0.00034014226
Sepw1,0.0031211118
Gltscr2,0.0024283477
C5ar1,0.003429255
Ceacam15,1.0892863e-06
Foxa3,0.0
Ppm1n,0.0
Fosb,4.8656217e-05
Apoe,0.00046894615
Bcam,2.8688667e-06
Pvr,0.001769167
Irgc1,0.00023533861
Cd177,0.0070621236
Ceacam1,0.0098049585
Gm7092,3.134503e-05
Axl,0.00077657757
Cyp2s1,0.0
Ltbp4,5.4750315e-05
Pld3,0.0029776406
Zfp36,0.004780518
Nccrp1,2.4060113e-05
Spred3,4.640196e-05
Spint2,0.0064941156
Hcst,0.0014905909
Ffar2,0.0072960933
Lsr,0.0006357126
Scn1b,0.00026777608
Wtip,0.00023822232
Kctd15,0.0
Cd33,0.005528478
Clec11a,0.0019531674
Spib,0.0
Atf5,0.002084876
Cpt1c,9.011478e-06
Dkkl1,0.0004934954
Kcnj11,0.0
Ush1c,0.0002057659
Tph1,0.005282013
Saa3,0.0060661472
Ptpn5,0.0
Mrgpra2a,0.00011077823
Mrgpra4,7.790201e-05
Csrp3,0.0007309379
Mctp2,0.00037335802
Mfge8,0.0018671346
Pex11a,0.0005371483
Anpep,0.002048832
Furin,0.0054420866
Nmb,0.0004927399
Fsd2,0.0
Homer2,0.0007923282
9930013L23Rik,4.258743e-05
Fam108c,0.0044897394
Arnt2,0.00016005861
Mogat2,0.0022887995
Serpinh1,0.00011591703
Slco2b1,0.00020221552
Arhgef17,0.00019748257
Beta-s,0.0072324965
E030002O03Rik,0.0
Trim30b,0.0005876918
Trim30a,0.0042860424
Trim30d,0.00010340329
Gm4759,0.0
Ric3,0.0
BC051019,0.0
Nrip3,0.00092785317
Lyve1,0.0004137846
Mrvi1,0.0004827218
4930543E12Rik,3.778543e-05
Rras2,0.0003389392
Lat,0.0023122055
Atp2a1,0.0
Sept1,0.0013567023
Zfp747,0.0009378232
Cox6a2,8.008896e-05
Chst15,0.00040335953
Bnip3,0.0031440207
6430531B16Rik,3.251607e-05
Adam8,0.004288388
Ifitm6,0.007578231
Irf7,0.0007567278
Dusp8,8.318389e-05
Ctsd,0.010836754
Igf2,0.0
Cdkn1c,0.00055650366
Phlda2,0.0008819381
Tnfrsf23,0.002141353
Osbpl5,0.0015546374
Mrgpre,0.0001926227
Ano1,0.0
Ccnd1,0.00032251325
Myadm,0.0059397286
Eps8l1,0.00024222095
Ccdc106,9.441571e-05
Zfp541,0.0
Meis3,0.0002494866
Pglyrp1,0.005134386
Gpr4,2.586356e-05
Ercc1,0.00031099524
Zfp180,0.0001037685
Plaur,0.0049872817
Cadm4,7.318252e-05
BC049730,2.7304472e-05
Ceacam10,0.005454768
Zfp526,0.00018914668
Cyp2a5,0.0
Sertad1,0.0025091097
Eid2,0.0015855693
Rasgrp4,0.0027565858
Gm5113,0.00011063691
Tyrobp,0.010704985
Dmkn,0.013045479
Zfp939,7.220381e-05
Nkg7,0.004089935
Klk1b11,0.00039325643
Fam71e1,4.013532e-06
Napsa,0.0041734553
Rras,0.001993631
Slc17a7,0.0
Tead2,6.283769e-05
Fam83e,0.0
Ldhc,0.000154213
Siglech,0.0
Apba2,0.0
Fam174b,0.00028872295
Isg20,0.0016680572
Mesp2,2.2873253e-06
Pde8a,2.4859271e-05
Ctsc,0.0134190945
Rab38,0.0058898837
Rab30,0.00010697686
Gab2,0.002527803
Wnt11,0.0
Kcne3,0.00069165387
Fchsd2,0.0019200051
Pde2a,0.005391864
Trim34a,0.0011459093
Gm15133,3.7877704e-05
Adm,0.0
Ampd3,0.0012636213
Ctr9,0.0014640001
Prkcb,0.005237131
Aqp8,7.54716e-05
Ypel3,0.0038297381
Fam57b,2.5309531e-05
Itgam,0.016033385
Itgax,0.00047892117
Gm10584,0.0
BC024386,0.00024640464
Nlrp6,0.0009720955
Pkp3,0.0015761253
Syt8,0.00019936364
Lsp1,0.004970367
Mrpl23,7.505784e-05
Slc22a18,0.00017172107
Fgf15,8.815643e-05
Fcer2a,0.0
Ctxn1,0.00010121953
Col4a1,0.0001199732
2610019F03Rik,0.0
Hgsnat,0.0021731781
Rbpms,0.0030089312
Msr1,9.60216e-05
Cyp4v3,0.00074938894
Ankrd37,0.00080997107
Psd3,0.00021805734
Csgalnact1,0.0003544277
Tmem59l,0.0
Gdf15,0.00059987773
Ifi30,0.008977286
B3gnt3,0.000533699
Cyp4f18,0.0016658866
Cib3,0.0001258308
Cd97,0.0017023764
Il27ra,0.00045796722
Nanos3,0.0
Lcat,0.00014169503
Dpep2,0.0009872597
Smpd3,0.0
Nqo1,0.0013778701
Hp,0.012349722
Maf,0.0002914275
Klhdc4,0.0039079324
Slc7a5,0.006058089
Piezo1,2.616311e-05
Cbfa2t3,0.003200635
1810033B17Rik,0.008353199
F7,0.0057608634
F10,0.00917966
Thsd1,0.00021254171
Ank1,0.000111859
Fgfr1,0.00097655796
Rnf122,6.1213477e-06
Dusp4,0.00042695474
Mfhas1,0.00070041476
Fat1,0.0
Vegfc,0.0005423779
Hpgd,0.0004344363
Scrg1,0.0003397732
Ddx60,6.376311e-05
Sh2d4a,0.0
Lpl,0.016593045
Zfp964,9.9504854e-05
Comp,3.3346896e-05
Pde4c,0.0
Zfp709,0.00036075298
Klf2,0.00405812
Tmem38a,0.00040134136
Nwd1,0.00027666718
Hmox1,0.003987839
Ttc29,0.0
Zfp827,0.00017161742
Gm4890,0.0001568249
Gypa,0.001175062
Tbc1d9,0.00117631
Klf1,0.0011021885
Gm10638,0.0
Nod2,0.00030102962
Mt2,0.0028191851
Mt1,0.008225187
Ccl22,7.4303374e-05
Cx3cl1,7.0436836e-05
Ccl17,0.00019900649
Gpr114,0.00012447484
Gpr56,0.0019361705
Ccdc135,1.0025082e-05
Cdh5,0.00021514276
Ces2g,0.0014749573
Plekhg4,0.00018568608
Fam65a,0.0040050456
Rltpr,0.00035817825
Nrn1l,0.00023246098
Cdh1,0.0036502061
Dnaaf1,0.0
Atp2c2,0.00016332895
Crispld2,0.0021891112
6430548M08Rik,0.0032784108
Irf8,0.0021853186
Zfpm1,0.0011635681
2810013P06Rik,0.0006235029
Spire2,6.936696e-05
4933403G14Rik,0.00014452508
Nrp1,0.0038958597
Yap1,0.0
Fat3,6.3993175e-05
Col5a3,0.0
Zglp1,0.00011504556
Dock6,0.0007997205
Hyls1,0.00022539336
Pknox2,0.0030811406
Nrgn,0.001526144
Ubash3b,0.0032531023
Oaf,0.0017680147
Pdzd3,4.7099824e-05
C2cd2l,0.0023397093
Ccdc84,0.00025804617
Foxr1,0.00014907433
Phldb1,0.00030271173
Tmem25,0.0
Cd3g,9.760942e-05
Htr3b,0.0
Ttc12,8.2205835e-05
Sik2,0.0001811086
4833427G06Rik,0.0
Gm684,2.6663176e-05
Chrnb4,0.0
C230081A13Rik,0.00132847
Arid3b,0.0018352239
Ccdc33,0.0
Islr,0.0
Cd276,0.00040097238
Coro2b,8.621981e-05
Smad3,0.0016204362
Kbtbd13,0.00016345871
Aqp9,0.0025456583
Cgnl1,0.0
Tmod2,0.0
Gsta2,0.0002670064
Slc17a5,0.0021979506
Hmgn3,0.0044528996
Fam46a,0.0024398402
Pls1,0.00033078875
Bfsp2,0.00031939917
Tmem108,0.0022328394
Acpp,0.0017262584
Fam212a,0.0018690014
Camp,0.013405922
Nradd,0.0006609825
Tmie,0.0
Arpp21,0.0
4930525D18Rik,0.00024426242
Crtap,0.0039174836
Ccr4,5.109695e-05
Cmtm8,0.00048533504
Lztfl1,0.002350993
Ccr1,0.005593166
2010315B03Rik,0.00024930303
Casp12,0.00032898676
Mmp13,0.00014042978
Mmp12,0.0010418948
Mmp8,0.014845432
BC017612,0.0024195688
AB124611,0.0053727943
Gm6484,0.00024899392
Opcml,0.0
Ets1,0.0025864032
Robo4,0.0
Esam,0.00021060368
Vwa5a,0.0018672295
Scn3b,0.0
Thy1,0.0053156526
Mcam,0.00016171091
Treh,0.0
Cd3d,0.0
BC049352,0.0
Dscaml1,0.0
Apoa1,0.000113748116
Cadm1,0.00044451907
1600029D21Rik,0.0
Pih1d2,0.00010985621
Rpp25,0.00027948356
Sema7a,0.0003407905
Cyp11a1,0.014759171
6030419C18Rik,6.546748e-05
Adpgk,0.0055394424
Calml4,2.1510547e-05
Parp16,0.00037765014
Rbpms2,0.0013509255
Dapk2,2.3215422e-05
Aldh1a2,0.0
Ccpg1,0.00034811682
Khdc3,0.00017028529
Myo5c,6.532777e-05
Hmgcll1,0.0
4930429F24Rik,0.0
Sh3bgrl2,0.00019763624
Dopey1,6.2708765e-05
Nt5e,0.0018218954
Bcl2a1a,0.00054281193
Bcl2a1b,0.00080550974
Ctsh,0.0012826943
Plscr2,0.0002681417
1700057G04Rik,0.0
Plod2,0.0008766935
Paqr9,0.00026233558
Rbp1,7.636307e-05
Rab6b,0.0001418272
5830418P13Rik,8.4072555e-05
Iqcf5,0.0
Hyal1,0.00037479465
Ngp,0.016005382
Ltf,0.006998421
Glb1,0.0037357956
Osbpl10,0.0
Eomes,0.0
Myrip,6.03526e-05
Entpd3,0.0012783724
Zfp105,0.0
Ccr9,4.8439295e-05
Ccr3,2.3613993e-05
Ccr2,0.005345329
Ccr5,0.0015101533
Gata1,0.0011566605
Cybb,0.033108167
Maob,0.00070205174
Syn1,0.00037191098
Cfp,0.01201511
Apln,0.0004725708
9530027J09Rik,0.0
Hs6st2,0.0002927211
Ids,0.0011734716
Pnck,0.0
Pdzd4,0.00018841348
L1cam,0.0032585948
Rab39b,4.3016462e-05
Slc7a3,5.979321e-05
Cited1,2.9863897e-05
C77370,0.00010279016
Zdhhc15,5.4298383e-05
Magee2,3.5095204e-06
Itm2a,0.00023722422
Armcx6,0.0002184657
Nxf3,2.8367975e-05
Slc25a53,3.8707723e-05
Esx1,0.0
Morc4,9.14443e-05
Rbm41,6.374154e-05
Lhfpl1,7.068296e-06
Lrch2,0.00018844035
Txlng,1.4274235e-05
Car5b,0.0005130594
Gm8817,3.7414593e-05
Prickle3,0.0015201138
Pim2,0.001775921
Gm5124,0.0
Fhl1,0.00016441914
Aff2,3.6266563e-05
Zfp92,0.0
Tmem47,0.0
Dmd,0.00017351423
Arx,0.00061603787
F630028O10Rik,0.0121806385
Awat1,0.00010640665
Nhsl2,0.0034354646
Tlr13,0.0011171408
P2ry10,0.00043159138
A630033H20Rik,0.00128466
Dach2,5.2193747e-05
Tmem35,0.0
Bex4,0.00070166605
Zcchc18,3.4874793e-05
Trap1a,0.0
Rnf128,0.003787025
Alas2,0.0
Spin2,0.000307925
Arhgap6,0.0009913464
